﻿{"article":{"PhotoList":["2024/04/27/2_2024-04-27-090727_270424-090727.png"],"PhotoEx":[],"onImg":true,"CateList":null,"CateTitle":"Chương trình khuyến mại","CateTitle2":"Chương trình khuyến mại","CateLink":"","CateID":"11265","CateID2":11265,"Thumbnail_web":"/Upload/image/2024/04/27/2_2024-04-27-090727_270424-090727.png","Date_web":"(27/04/2024)","LinktoMe":"/chuong-trinh-khuyen-mai/2-1526.aspx","ToMe":"/2-1526.aspx","ToMeOnly":"/2.aspx","ID":1526,"Title":"2","Desc":"<p>2 - Tin nhắn khuyến mại</p>\r\n","Content":"","Author":"","Source":"","Thumbnail":"2024/04/27/2_2024-04-27-090727_270424-090727.png","CreateDate":"2024-04-27T09:06:00","LastModifyDate":"2024-04-27T09:06:48","Keyword":"","Channels":"11265","View":0,"Status":"0,1","Order":0,"TitleSEO":"","DescSEO":"","KeySEO":"","LinkSEO":"","FriendStr":"2","IsPublic":1,"Rel":"","Price":0}}