﻿{"Cates":[{"ParentID":2,"Order":4,"Subs":[{"ParentID":11263,"Order":26,"Subs":[],"ID":11292,"Title":"Bản thân","Desc":"","CreateDate":null},{"ParentID":11263,"Order":27,"Subs":[],"ID":11293,"Title":"Kỹ năng","Desc":"","CreateDate":null},{"ParentID":11263,"Order":28,"Subs":[],"ID":11294,"Title":"Chuyên môn","Desc":"","CreateDate":null}],"ID":11263,"Title":"Khóa đào tạo","Desc":"","CreateDate":null},{"ParentID":11263,"Order":26,"Subs":[],"ID":11292,"Title":"Bản thân","Desc":"","CreateDate":null},{"ParentID":11263,"Order":27,"Subs":[],"ID":11293,"Title":"Kỹ năng","Desc":"","CreateDate":null},{"ParentID":11263,"Order":28,"Subs":[],"ID":11294,"Title":"Chuyên môn","Desc":"","CreateDate":null}],"Articles":[{"Paths":[{"ID":11263,"Title":"Khóa đào tạo"},{"ID":11292,"Title":"Bản thân"}],"Price":0,"PhotoList":["2024/04/27/xay-dung-thuong-hieu-ca-nhan-cho-chu-spa_2024-04-27-150903_270424-030903.png"],"ID":1550,"Title":"Xây dựng thương hiệu cá nhân cho chủ spa","Desc":"<p>X&acirc;y dựng thương hiệu l&agrave; một trong những việc cần nếu muốn k&eacute;o kh&aacute;ch về cho Spa. Thương hiệu quyết định sự tin tưởng kh&aacute;ch h&agrave;ng đối với Spa. Vậy c&aacute;ch x&acirc;y dựng thương hiệu cho Spa như thế n&agrave;o? Đặc biệt l&agrave; với Spa mới?</p>\r\n","CreateDate":"2024-04-27T03:04:00"}]}