﻿{"article":{"PhotoList":["2024/04/10/telesale-tu-dong_2024-04-10-151436_100424-031436.png"],"PhotoEx":[],"onImg":true,"CateList":null,"CateTitle":"Tips Marketing ","CateTitle2":"Tips Marketing ","CateLink":"","CateID":"11282","CateID2":11282,"Thumbnail_web":"/Upload/image/2024/04/10/telesale-tu-dong_2024-04-10-151436_100424-031436.png","Date_web":"(10/04/2024)","LinktoMe":"/tips-marketing/telesale-tu-dong-1516.aspx","ToMe":"/telesale-tu-dong-1516.aspx","ToMeOnly":"/telesale-tu-dong.aspx","ID":1516,"Title":"TeleSale tự động","Desc":"<p>Với việc kh&aacute;ch h&agrave;ng sử dụng APP, chức năng TeleSale tự động sẽ thực hiện những cuộc gọi tự động với nội dung giới thiệu sản phẩm, dịch vụ của Spa &amp; Thẩm Mỹ Viện tới kh&aacute;ch h&agrave;ng qua APP</p>\r\n","Content":"","Author":"","Source":"","Thumbnail":"2024/04/10/telesale-tu-dong_2024-04-10-151436_100424-031436.png","CreateDate":"2024-04-10T03:12:00","LastModifyDate":"2024-04-10T15:12:26","Keyword":"","Channels":"11282","View":0,"Status":"0,1","Order":0,"TitleSEO":"","DescSEO":"","KeySEO":"","LinkSEO":"","FriendStr":"telesale-tu-dong","IsPublic":1,"Rel":"","Price":0}}