﻿{"article":{"PhotoList":["2024/04/10/khach-hang-spa-im-lang-khi-tu-van_2024-04-10-095657_100424-095657.png"],"PhotoEx":[],"onImg":true,"CateList":null,"CateTitle":"Xử lý tình huống","CateTitle2":"Xử lý tình huống","CateLink":"","CateID":"11281","CateID2":11281,"Thumbnail_web":"/Upload/image/2024/04/10/khach-hang-spa-im-lang-khi-tu-van_2024-04-10-095657_100424-095657.png","Date_web":"(10/04/2024)","LinktoMe":"/xu-ly-tinh-huong/khach-hang-spa-im-lang-khi-tu-van-1514.aspx","ToMe":"/khach-hang-spa-im-lang-khi-tu-van-1514.aspx","ToMeOnly":"/khach-hang-spa-im-lang-khi-tu-van.aspx","ID":1514,"Title":"Khách hàng Spa im lặng khi tư vấn","Desc":"<p>Chắc hẳn kh&ocirc;ng &iacute;t nh&acirc;n vi&ecirc;n tư vấn rơi v&agrave;o t&igrave;nh trạng kh&aacute;ch h&agrave;ng Spa im lặng khi inbox g&acirc;y kh&oacute; khăn trong việc chốt sale. Đ&acirc;y l&agrave; thực trạng hầu hết c&aacute;c doanh nghiệp hiện nay kh&ocirc;ng chỉ ri&ecirc;ng với ng&agrave;nh l&agrave;m đẹp Spa, vậy l&agrave;m thế n&agrave;o để khắc phục t&igrave;nh trạng tr&ecirc;n?&nbsp;</p>\r\n","Content":"<h3 style=\"text-align:justify\"><strong>Giải quyết triệt để khi kh&aacute;ch h&agrave;ng Spa im lặng&nbsp;</strong></h3>\r\n\r\n<p style=\"text-align:justify\"><br />\r\nTư vấn kh&aacute;ch h&agrave;ng qua điện thoại &lsquo;xa mặt c&aacute;ch l&ograve;ng&rsquo;, n&ecirc;n việc duy tr&igrave; tiếp x&uacute;c c&oacute; &yacute; nghĩa cực kỳ quan trọng để kh&aacute;ch h&agrave;ng nhớ đến bạn v&agrave; quay trở lại với bạn khi họ c&oacute; nhu cầu về sản phẩm/dịch vụ n&agrave;o đ&oacute; m&agrave; bạn cung cấp.</p>\r\n\r\n<p style=\"text-align:justify\">1. Lập danh s&aacute;ch kh&aacute;ch h&agrave;ng Spa mục ti&ecirc;u&nbsp;<br />\r\nR&agrave; so&aacute;t to&agrave;n bộ cơ sở kh&aacute;ch h&agrave;ng để đưa ra danh s&aacute;ch những kh&aacute;ch h&agrave;ng đ&atilde; cần tư vấn dịch vụ Spa để dễ d&agrave;ng tư vấn. H&atilde;y tự đ&oacute;ng vai l&agrave; một kh&aacute;ch h&agrave;ng v&agrave; tự thuyết phục bản th&acirc;n m&igrave;nh mua h&agrave;ng. Bạn kh&ocirc;ng thể l&agrave; một nh&acirc;n vi&ecirc;n sales m&agrave; kh&ocirc;ng thể b&aacute;n h&agrave;ng cho ch&iacute;nh bạn.</p>\r\n\r\n<p style=\"text-align:justify\">H&atilde;y tự đặt c&acirc;u hỏi: t&ocirc;i c&oacute; nhu cầu g&igrave;? Những sản phẩm n&agrave;y c&oacute; ph&ugrave; hợp với nhu cầu của t&ocirc;i kh&ocirc;ng? Những sản phẩm kh&aacute;c hoặc cửa h&agrave;ng kh&aacute;c c&oacute; ưu đ&atilde;i g&igrave; tốt hơn kh&ocirc;ng? ..</p>\r\n\r\n<p style=\"text-align:justify\">Nếu bạn c&oacute; khả năng trả lời được những c&acirc;u hỏi đ&oacute; th&igrave; đến 60% l&agrave; bạn đ&atilde; c&oacute; thể tư vấn b&aacute;n h&agrave;ng th&agrave;nh c&ocirc;ng, 40% c&ograve;n lại sẽ phụ thuộc v&agrave;o kỹ năng ăn n&oacute;i của bạn.</p>\r\n\r\n<h3 style=\"text-align:justify\"><strong>2. T&igrave;m hiểu nhu cầu của kh&aacute;ch h&agrave;ng Spa</strong></h3>\r\n\r\n<p style=\"text-align:justify\">&nbsp;<br />\r\nNhu cầu của kh&aacute;ch h&agrave;ng rất đa dạng k&eacute;o theo sản phẩm cũng sẽ c&oacute; v&ocirc; số loại đa dạng để đ&aacute;p ứng được mọi nhu cầu kh&aacute;ch h&agrave;ng. Biết được kh&aacute;ch h&agrave;ng mục ti&ecirc;u của bạn l&agrave; ai, v&agrave; họ cần tư vấn dịch vụ như thế n&agrave;o, ch&iacute;nh l&agrave; bước tối ưu để c&oacute; thể chốt sale nhanh nhất.</p>\r\n\r\n<p style=\"text-align:justify\">Từng kh&aacute;ch h&agrave;ng sẽ c&oacute; c&aacute;c nhu cầu kh&aacute;c nhau, c&ugrave;ng với một dịch vụ nhưng c&oacute; người muốn t&igrave;m hiểu dịch vụ, lợi &iacute;ch chi ph&iacute;,.. nắm được nhu cầu kh&aacute;ch h&agrave;ng sẽ gi&uacute;p bạn dễ d&agrave;ng hơn trong việc tư vấn. Khi kh&aacute;ch h&agrave;ng hỏi gi&aacute;, bạn nhớ nh&eacute;, đừng trả lời ngay. H&atilde;y kh&eacute;o l&eacute;o hỏi kh&aacute;ch h&agrave;ng c&aacute;c c&acirc;u hỏi về th&ocirc;ng tin t&igrave;nh trạng kh&aacute;ch h&agrave;ng,&nbsp; vấn đề kh&aacute;ch h&agrave;ng đang gặp phải, lịch sử kh&aacute;ch h&agrave;ng đ&atilde; d&ugrave;ng hay điều trị bằng phương ph&aacute;p n&agrave;o? Sau đ&oacute; bạn nhận định, v&agrave;&nbsp; đưa ra ph&aacute;c đồ cơ bản về t&igrave;nh trạng bạn nắm được qua tin nhắn v&agrave; b&aacute;o gi&aacute; cho kh&aacute;ch biết nh&eacute;.</p>\r\n","Author":"","Source":"","Thumbnail":"2024/04/10/khach-hang-spa-im-lang-khi-tu-van_2024-04-10-095657_100424-095657.png","CreateDate":"2024-04-10T09:23:00","LastModifyDate":"2024-04-10T09:23:05","Keyword":"","Channels":"11281","View":0,"Status":"0,1","Order":0,"TitleSEO":"","DescSEO":"","KeySEO":"","LinkSEO":"","FriendStr":"khach-hang-spa-im-lang-khi-tu-van","IsPublic":1,"Rel":"","Price":0}}