﻿{"article":{"PhotoList":["2024/04/27/2-su-kien_2024-04-27-093543_270424-093543.png"],"PhotoEx":[],"onImg":true,"CateList":null,"CateTitle":"Sự kiện","CateTitle2":"Sự kiện","CateLink":"","CateID":"11271","CateID2":11271,"Thumbnail_web":"/Upload/image/2024/04/27/2-su-kien_2024-04-27-093543_270424-093543.png","Date_web":"(27/04/2024)","LinktoMe":"/su-kien/2-1547.aspx","ToMe":"/2-1547.aspx","ToMeOnly":"/2.aspx","ID":1547,"Title":"2","Desc":"<p>2 - Sự kiện</p>\r\n","Content":"","Author":"","Source":"","Thumbnail":"2024/04/27/2-su-kien_2024-04-27-093543_270424-093543.png","CreateDate":"2024-04-27T09:35:00","LastModifyDate":"2024-04-27T09:35:33","Keyword":"","Channels":"11271","View":0,"Status":"0,1","Order":0,"TitleSEO":"","DescSEO":"","KeySEO":"","LinkSEO":"","FriendStr":"2","IsPublic":1,"Rel":"","Price":0}}