﻿{"article":{"PhotoList":["2024/04/27/4_2024-04-27-090939_270424-090939.png"],"PhotoEx":[],"onImg":true,"CateList":null,"CateTitle":"Chương trình khuyến mại","CateTitle2":"Chương trình khuyến mại","CateLink":"","CateID":"11265","CateID2":11265,"Thumbnail_web":"/Upload/image/2024/04/27/4_2024-04-27-090939_270424-090939.png","Date_web":"(27/04/2024)","LinktoMe":"/chuong-trinh-khuyen-mai/4-1528.aspx","ToMe":"/4-1528.aspx","ToMeOnly":"/4.aspx","ID":1528,"Title":"4","Desc":"<p>4 - Tin nhắn khuyến mại</p>\r\n","Content":"","Author":"","Source":"","Thumbnail":"2024/04/27/4_2024-04-27-090939_270424-090939.png","CreateDate":"2024-04-27T09:09:00","LastModifyDate":"2024-04-27T09:09:08","Keyword":"","Channels":"11265","View":0,"Status":"0,1","Order":0,"TitleSEO":"","DescSEO":"","KeySEO":"","LinkSEO":"","FriendStr":"4","IsPublic":1,"Rel":"","Price":0}}