﻿{"article":{"PhotoList":["2024/04/27/1_2024-04-27-090621_270424-090621.png"],"PhotoEx":[],"onImg":true,"CateList":null,"CateTitle":"Chương trình khuyến mại","CateTitle2":"Chương trình khuyến mại","CateLink":"","CateID":"11265","CateID2":11265,"Thumbnail_web":"/Upload/image/2024/04/27/1_2024-04-27-090621_270424-090621.png","Date_web":"(27/04/2024)","LinktoMe":"/chuong-trinh-khuyen-mai/1-1525.aspx","ToMe":"/1-1525.aspx","ToMeOnly":"/1.aspx","ID":1525,"Title":"1","Desc":"<p>1 - Tin nhắn khuyến mại</p>\r\n","Content":"","Author":"","Source":"","Thumbnail":"2024/04/27/1_2024-04-27-090621_270424-090621.png","CreateDate":"2024-04-27T08:58:00","LastModifyDate":"2024-04-27T08:58:30","Keyword":"","Channels":"11265","View":0,"Status":"0,1","Order":0,"TitleSEO":"","DescSEO":"","KeySEO":"","LinkSEO":"","FriendStr":"1","IsPublic":1,"Rel":"","Price":0}}