﻿{"article":{"PhotoList":["2024/04/27/2-san-pham_2024-04-27-092812_270424-092812.png"],"PhotoEx":[],"onImg":true,"CateList":null,"CateTitle":"Giới thiệu sản phẩm","CateTitle2":"Giới thiệu sản phẩm","CateLink":"","CateID":"11270","CateID2":11270,"Thumbnail_web":"/Upload/image/2024/04/27/2-san-pham_2024-04-27-092812_270424-092812.png","Date_web":"(27/04/2024)","LinktoMe":"/gioi-thieu-san-pham/2-1544.aspx","ToMe":"/2-1544.aspx","ToMeOnly":"/2.aspx","ID":1544,"Title":"2","Desc":"<p>2 - Sản phẩm&nbsp;</p>\r\n","Content":"","Author":"","Source":"","Thumbnail":"2024/04/27/2-san-pham_2024-04-27-092812_270424-092812.png","CreateDate":"2024-04-27T09:27:00","LastModifyDate":"2024-04-27T09:27:43","Keyword":"","Channels":"11270","View":0,"Status":"0,1","Order":0,"TitleSEO":"","DescSEO":"","KeySEO":"","LinkSEO":"","FriendStr":"2","IsPublic":1,"Rel":"","Price":0}}