﻿{"article":{"PhotoList":["2024/04/27/13_2024-04-27-092453_270424-092453.png"],"PhotoEx":[],"onImg":true,"CateList":null,"CateTitle":"Giới thiệu dịch vụ","CateTitle2":"Giới thiệu dịch vụ","CateLink":"","CateID":"11269","CateID2":11269,"Thumbnail_web":"/Upload/image/2024/04/27/13_2024-04-27-092453_270424-092453.png","Date_web":"(27/04/2024)","LinktoMe":"/gioi-thieu-dich-vu/1-1540.aspx","ToMe":"/1-1540.aspx","ToMeOnly":"/1.aspx","ID":1540,"Title":"1","Desc":"<p>1 - Dịch vụ</p>\r\n","Content":"","Author":"","Source":"","Thumbnail":"2024/04/27/13_2024-04-27-092453_270424-092453.png","CreateDate":"2024-04-27T09:23:00","LastModifyDate":"2024-04-27T09:23:15","Keyword":"","Channels":"11269","View":0,"Status":"0,1","Order":0,"TitleSEO":"","DescSEO":"","KeySEO":"","LinkSEO":"","FriendStr":"1","IsPublic":1,"Rel":"","Price":0}}