﻿{"article":{"PhotoList":["2024/04/27/2-voucher_2024-04-27-091738_270424-091738.png"],"PhotoEx":[],"onImg":true,"CateList":null,"CateTitle":"Voucher - Coupon","CateTitle2":"Voucher - Coupon","CateLink":"","CateID":"11266","CateID2":11266,"Thumbnail_web":"/Upload/image/2024/04/27/2-voucher_2024-04-27-091738_270424-091738.png","Date_web":"(27/04/2024)","LinktoMe":"/voucher-coupon/2-1532.aspx","ToMe":"/2-1532.aspx","ToMeOnly":"/2.aspx","ID":1532,"Title":"2","Desc":"<p>2 - Voucher</p>\r\n","Content":"","Author":"","Source":"","Thumbnail":"2024/04/27/2-voucher_2024-04-27-091738_270424-091738.png","CreateDate":"2024-04-27T09:17:00","LastModifyDate":"2024-04-27T09:17:24","Keyword":"","Channels":"11266","View":0,"Status":"0,1","Order":0,"TitleSEO":"","DescSEO":"","KeySEO":"","LinkSEO":"","FriendStr":"2","IsPublic":1,"Rel":"","Price":0}}