﻿{"article":{"PhotoList":["2024/04/27/4-truoc-sau_2024-04-27-092133_270424-092133.png"],"PhotoEx":[],"onImg":true,"CateList":null,"CateTitle":"Hiệu quả trước sau","CateTitle2":"Hiệu quả trước sau","CateLink":"","CateID":"11267","CateID2":11267,"Thumbnail_web":"/Upload/image/2024/04/27/4-truoc-sau_2024-04-27-092133_270424-092133.png","Date_web":"(27/04/2024)","LinktoMe":"/hieu-qua-truoc-sau/4-1537.aspx","ToMe":"/4-1537.aspx","ToMeOnly":"/4.aspx","ID":1537,"Title":"4","Desc":"<p>4 - Trước sau<br />\r\n&nbsp;</p>\r\n","Content":"","Author":"","Source":"","Thumbnail":"2024/04/27/4-truoc-sau_2024-04-27-092133_270424-092133.png","CreateDate":"2024-04-27T09:21:00","LastModifyDate":"2024-04-27T09:21:18","Keyword":"","Channels":"11267","View":0,"Status":"0,1","Order":0,"TitleSEO":"","DescSEO":"","KeySEO":"","LinkSEO":"","FriendStr":"4","IsPublic":1,"Rel":"","Price":0}}