﻿{"article":{"PhotoList":["2024/04/26/ads5_2024-04-26-112920_260424-112920.png","2024/04/26/nhu-the-nay-500-x-500-px-32_2024-04-26-112930_260424-112930.png"],"PhotoEx":[{"ID":1892,"Table":"a","RowID":1524,"Title":"","Value":"2024/04/26/nhu-the-nay-500-x-500-px-32_2024-04-26-112930_260424-112930.png","TypeValue":"image","BeginDate":null,"EndDate":null,"Rel":"","Order":1,"Link":"","Desc":""}],"onImg":true,"CateList":null,"CateTitle":"Ưu đãi - Flashsale","CateTitle2":"Ưu đãi - Flashsale","CateLink":"","CateID":"11278","CateID2":11278,"Thumbnail_web":"/Upload/image/2024/04/26/ads5_2024-04-26-112920_260424-112920.png","Date_web":"(26/04/2024)","LinktoMe":"/uu-dai-flashsale/ads5-1524.aspx","ToMe":"/ads5-1524.aspx","ToMeOnly":"/ads5.aspx","ID":1524,"Title":"ads5","Desc":"<p>Sẽ c&oacute; những ng&agrave;y bạn thấy da mỏi mệt, cảm gi&aacute;c mọi thứ đều sai, đến mức chẳng buồn 7749 bước skincare như mọi bữa. L&uacute;c n&agrave;y, bạn c&oacute; thể nghĩ đến liệu tr&igrave;nh Điện di lạnh tế b&agrave;o gốc như một phương ph&aacute;p &ldquo;cấp cứu&rdquo; cho l&agrave;n da.</p>\r\n","Content":"<p><span style=\"color:rgb(5, 5, 5); font-size:15px\">Sẽ c&oacute; những ng&agrave;y bạn thấy da mỏi mệt, cảm gi&aacute;c mọi thứ đều sai, đến mức chẳng buồn 7749 bước skincare như mọi bữa. L&uacute;c n&agrave;y, bạn c&oacute; thể nghĩ đến liệu tr&igrave;nh Điện di lạnh tế b&agrave;o gốc như một phương ph&aacute;p &ldquo;cấp cứu&rdquo; cho l&agrave;n da.</span><br />\r\n<br />\r\n<span style=\"color:rgb(5, 5, 5); font-size:15px\">Dịu nhẹ nhưng mang sức mạnh phục hồi v&agrave; t&aacute;i tạo đỉnh cao, tế b&agrave;o gốc nhẹ nh&agrave;ng thấm s&acirc;u v&agrave;o da th&ocirc;ng qua phương ph&aacute;p điện chuyển i-on, nhanh ch&oacute;ng cấp nước, bảo vệ v&agrave; củng cố lại h&agrave;ng r&agrave;o da - điều m&agrave; mỹ phẩm b&ocirc;i thoa tại nh&agrave; kh&oacute; l&ograve;ng mang đến hiệu quả ngay tức th&igrave; như vậy. Thử trải nghiệm 1 buổi xem c&oacute; lỡ &ldquo;nghiện&rdquo; ngay kh&ocirc;ng n&agrave;o&nbsp;</span><span style=\"color:rgb(5, 5, 5); font-size:15px\"><img alt=\"☺️\" class=\"xz74otr\" src=\"https://static.xx.fbcdn.net/images/emoji.php/v9/tfb/1/16/263a.png\" style=\"border:0px; height:16px; object-fit:fill; width:16px\" /></span><span style=\"color:rgb(5, 5, 5); font-size:15px\"><img alt=\"☺️\" class=\"xz74otr\" src=\"https://static.xx.fbcdn.net/images/emoji.php/v9/tfb/1/16/263a.png\" style=\"border:0px; height:16px; object-fit:fill; width:16px\" /></span></p>\r\n\r\n<div>&nbsp;</div>\r\n","Author":"","Source":"","Thumbnail":"2024/04/26/ads5_2024-04-26-112920_260424-112920.png","CreateDate":"2024-04-26T10:37:00","LastModifyDate":"2024-04-26T10:37:30","Keyword":"","Channels":"11278","View":0,"Status":"0,1","Order":0,"TitleSEO":"","DescSEO":"","KeySEO":"","LinkSEO":"","FriendStr":"ads5","IsPublic":1,"Rel":"","Price":0}}