﻿{"article":{"PhotoList":["2024/04/27/3-su-kien_2024-04-27-093620_270424-093620.png"],"PhotoEx":[],"onImg":true,"CateList":null,"CateTitle":"Sự kiện","CateTitle2":"Sự kiện","CateLink":"","CateID":"11271","CateID2":11271,"Thumbnail_web":"/Upload/image/2024/04/27/3-su-kien_2024-04-27-093620_270424-093620.png","Date_web":"(27/04/2024)","LinktoMe":"/su-kien/3-1548.aspx","ToMe":"/3-1548.aspx","ToMeOnly":"/3.aspx","ID":1548,"Title":"3","Desc":"<p>3 - Sự kiện&nbsp;</p>\r\n","Content":"","Author":"","Source":"","Thumbnail":"2024/04/27/3-su-kien_2024-04-27-093620_270424-093620.png","CreateDate":"2024-04-27T09:35:00","LastModifyDate":"2024-04-27T09:35:58","Keyword":"","Channels":"11271","View":0,"Status":"0,1","Order":0,"TitleSEO":"","DescSEO":"","KeySEO":"","LinkSEO":"","FriendStr":"3","IsPublic":1,"Rel":"","Price":0}}