﻿{"article":{"PhotoList":["2024/04/27/3-voucher_2024-04-27-091818_270424-091818.png"],"PhotoEx":[],"onImg":true,"CateList":null,"CateTitle":"Voucher - Coupon","CateTitle2":"Voucher - Coupon","CateLink":"","CateID":"11266","CateID2":11266,"Thumbnail_web":"/Upload/image/2024/04/27/3-voucher_2024-04-27-091818_270424-091818.png","Date_web":"(27/04/2024)","LinktoMe":"/voucher-coupon/3-1533.aspx","ToMe":"/3-1533.aspx","ToMeOnly":"/3.aspx","ID":1533,"Title":"3","Desc":"<p>3 - Voucher</p>\r\n","Content":"","Author":"","Source":"","Thumbnail":"2024/04/27/3-voucher_2024-04-27-091818_270424-091818.png","CreateDate":"2024-04-27T09:18:00","LastModifyDate":"2024-04-27T09:18:09","Keyword":"","Channels":"11266","View":0,"Status":"0,1","Order":0,"TitleSEO":"","DescSEO":"","KeySEO":"","LinkSEO":"","FriendStr":"3","IsPublic":1,"Rel":"","Price":0}}