﻿{"article":{"PhotoList":["2024/04/10/bi-quyet-quan-ly-va-van-hanh-spa_2024-04-10-095630_100424-095630.png"],"PhotoEx":[],"onImg":true,"CateList":null,"CateTitle":"Quản lý - vận hành","CateTitle2":"Quản lý - vận hành","CateLink":"","CateID":"11280","CateID2":11280,"Thumbnail_web":"/Upload/image/2024/04/10/bi-quyet-quan-ly-va-van-hanh-spa_2024-04-10-095630_100424-095630.png","Date_web":"(10/04/2024)","LinktoMe":"/quan-ly-van-hanh/bi-quyet-quan-ly-va-van-hanh-spa-1515.aspx","ToMe":"/bi-quyet-quan-ly-va-van-hanh-spa-1515.aspx","ToMeOnly":"/bi-quyet-quan-ly-va-van-hanh-spa.aspx","ID":1515,"Title":"Bí quyết - Quản lý và vận hành spa","Desc":"<p>Th&ocirc;ng thường với một spa nhỏ th&igrave; chủ đầu tư cũng sẽ l&agrave; người trực tiếp quản l&yacute; v&agrave; vận h&agrave;nh spa. C&ograve;n những spa c&oacute; quy m&ocirc; lớn hơn sẽ phải thu&ecirc; một hay nhiều quản l&yacute; spa chuy&ecirc;n nghiệp. Tuy nhi&ecirc;n, d&ugrave; &agrave; ai đi chăng nữa th&igrave; người quản l&yacute; vận h&agrave;nh spa hội tụ được những yếu tố dưới đ&acirc;y:</p>\r\n","Content":"<p>Đang cập nhật ...</p>\r\n","Author":"","Source":"","Thumbnail":"2024/04/10/bi-quyet-quan-ly-va-van-hanh-spa_2024-04-10-095630_100424-095630.png","CreateDate":"2024-04-10T09:27:00","LastModifyDate":"2024-04-10T09:27:32","Keyword":"","Channels":"11280","View":0,"Status":"0,1","Order":0,"TitleSEO":"","DescSEO":"","KeySEO":"","LinkSEO":"","FriendStr":"bi-quyet-quan-ly-va-van-hanh-spa","IsPublic":1,"Rel":"","Price":0}}