﻿{"Cates":[{"ParentID":2,"Order":2,"Subs":[{"ParentID":11261,"Order":0,"Subs":[],"ID":11278,"Title":"Ưu đãi - Flashsale","Desc":"","CreateDate":null},{"ParentID":11261,"Order":14,"Subs":[],"ID":11273,"Title":"Chủ spa chia sẻ","Desc":"","CreateDate":null},{"ParentID":11261,"Order":15,"Subs":[],"ID":11274,"Title":"Khách hàng feedback","Desc":"","CreateDate":null},{"ParentID":11261,"Order":16,"Subs":[],"ID":11275,"Title":"Theo nhóm dịch vụ","Desc":"","CreateDate":null}],"ID":11261,"Title":"Nội dung chia sẻ ","Desc":"","CreateDate":null},{"ParentID":11261,"Order":0,"Subs":[],"ID":11278,"Title":"Ưu đãi - Flashsale","Desc":"","CreateDate":null},{"ParentID":11261,"Order":14,"Subs":[],"ID":11273,"Title":"Chủ spa chia sẻ","Desc":"","CreateDate":null},{"ParentID":11261,"Order":15,"Subs":[],"ID":11274,"Title":"Khách hàng feedback","Desc":"","CreateDate":null},{"ParentID":11261,"Order":16,"Subs":[],"ID":11275,"Title":"Theo nhóm dịch vụ","Desc":"","CreateDate":null}],"Articles":[]}