﻿{"article":{"PhotoList":["2024/04/27/3-san-pham_2024-04-27-092903_270424-092903.png"],"PhotoEx":[],"onImg":true,"CateList":null,"CateTitle":"Giới thiệu sản phẩm","CateTitle2":"Giới thiệu sản phẩm","CateLink":"","CateID":"11270","CateID2":11270,"Thumbnail_web":"/Upload/image/2024/04/27/3-san-pham_2024-04-27-092903_270424-092903.png","Date_web":"(27/04/2024)","LinktoMe":"/gioi-thieu-san-pham/3-1545.aspx","ToMe":"/3-1545.aspx","ToMeOnly":"/3.aspx","ID":1545,"Title":"3","Desc":"<p>3 - Sản phẩm</p>\r\n","Content":"","Author":"","Source":"","Thumbnail":"2024/04/27/3-san-pham_2024-04-27-092903_270424-092903.png","CreateDate":"2024-04-27T09:28:00","LastModifyDate":"2024-04-27T09:28:46","Keyword":"","Channels":"11270","View":0,"Status":"0,1","Order":0,"TitleSEO":"","DescSEO":"","KeySEO":"","LinkSEO":"","FriendStr":"3","IsPublic":1,"Rel":"","Price":0}}