﻿{"article":{"PhotoList":["2024/04/26/ads4_2024-04-26-112948_260424-112948.png","2024/04/26/nhu-the-nay-500-x-500-px-7_2024-04-26-112952_260424-112952.png"],"PhotoEx":[{"ID":1893,"Table":"a","RowID":1523,"Title":"","Value":"2024/04/26/nhu-the-nay-500-x-500-px-7_2024-04-26-112952_260424-112952.png","TypeValue":"image","BeginDate":null,"EndDate":null,"Rel":"","Order":1,"Link":"","Desc":""}],"onImg":true,"CateList":null,"CateTitle":"Ưu đãi - Flashsale","CateTitle2":"Ưu đãi - Flashsale","CateLink":"","CateID":"11278","CateID2":11278,"Thumbnail_web":"/Upload/image/2024/04/26/ads4_2024-04-26-112948_260424-112948.png","Date_web":"(26/04/2024)","LinktoMe":"/uu-dai-flashsale/ads4-1523.aspx","ToMe":"/ads4-1523.aspx","ToMeOnly":"/ads4.aspx","ID":1523,"Title":"ads4","Desc":"<p>Một trong những &ldquo;biến thể&rdquo; được y&ecirc;u th&iacute;ch của liệu tr&igrave;nh Điện di tinh chất - ch&iacute;nh l&agrave; liệu tr&igrave;nh Điện di lạnh tế b&agrave;o gốc. Hoạt chất được sử dụng, thay v&igrave; l&agrave; HA/Collagen/Tea Tree/Vitamin C, sẽ l&agrave; tế b&agrave;o gốc &ndash; c&aacute;i t&ecirc;n bảo chứng cho hiệu quả chăm s&oacute;c da vượt trội.</p>\r\n","Content":"<p><span style=\"color:rgb(5, 5, 5); font-size:15px\">Một trong những &ldquo;biến thể&rdquo; được y&ecirc;u th&iacute;ch của liệu tr&igrave;nh Điện di tinh chất - ch&iacute;nh l&agrave; liệu tr&igrave;nh Điện di lạnh tế b&agrave;o gốc. Hoạt chất được sử dụng, thay v&igrave; l&agrave; HA/Collagen/Tea Tree/Vitamin C, sẽ l&agrave; tế b&agrave;o gốc &ndash; c&aacute;i t&ecirc;n bảo chứng cho hiệu quả chăm s&oacute;c da vượt trội.</span><br />\r\n<br />\r\n<span style=\"color:rgb(5, 5, 5); font-size:15px\">D&ograve;ng tế b&agrave;o gốc m&agrave; Lamm Beauty đang sử dụng l&agrave; một c&ocirc;ng tr&igrave;nh nghi&ecirc;n cứu cấp Nh&agrave; nước, được Bộ Y tế cấp ph&eacute;p lưu h&agrave;nh v&agrave; hiện đang được ứng dụng rộng r&atilde;i tại c&aacute;c bệnh viện lớn (kh&aacute;c ho&agrave;n to&agrave;n với c&aacute;c sản phẩm được &ldquo;ngụy trang&rdquo; dưới t&ecirc;n gọi tế b&agrave;o gốc b&aacute;n nhan nhản tr&ecirc;n thị trường/shopee). Hoạt chất v&agrave;ng n&agrave;y cực kỳ gi&agrave;u dưỡng chất v&agrave; c&oacute; khả năng khắc phục c&ugrave;ng l&uacute;c nhiều vấn đề của l&agrave;n da như vết th&acirc;m, sẹo mụn, xỉn m&agrave;u, th&ocirc; r&aacute;p, mỏng yếu, nếp nhăn, c&aacute;c dấu hiệu l&atilde;o h&oacute;a&hellip; B&ecirc;n cạnh yếu tố tăng trưởng biểu b&igrave; với khả năng ổn định chu kỳ của da v&agrave; k&iacute;ch th&iacute;ch sản sinh tế b&agrave;o, hoạt chất n&agrave;y c&ograve;n chứa yếu tố tăng trưởng gi&uacute;p củng cố nền tảng mạng lưới protein của da, gi&uacute;p da lu&ocirc;n khỏe mạnh, săn chắc v&agrave; tối ưu khả năng bảo vệ của da khỏi những t&aacute;c động từ b&ecirc;n trong cơ thể (qu&aacute; tr&igrave;nh l&atilde;o h&oacute;a tự nhi&ecirc;n) cũng như từ m&ocirc;i trường b&ecirc;n ngo&agrave;i; đồng thời bổ sung th&ecirc;m HA gi&uacute;p da lu&ocirc;n &ldquo;ngậm nước&rdquo; v&agrave; căng mịn.</span><br />\r\n<br />\r\n<span style=\"color:rgb(5, 5, 5); font-size:15px\">Rất nhiều kh&aacute;ch h&agrave;ng đầu tư mạnh tay cho trị liệu laser/lăn kim, mesotherapy hay sử dụng c&aacute;c treatment nặng đ&ocirc; kh&aacute;c tại nh&agrave; nhưng lại coi nhẹ phần chuẩn bị (với Aqua peel l&agrave;m sạch s&acirc;u v&agrave; thải độc) cũng như phục hồi (với Điện di tinh chất/Điện di lạnh tế b&agrave;o gốc/Dưỡng ẩm đa tầng). Cần nhớ rằng khi da đang ở trong trạng th&aacute;i tổn thương (c&oacute; chủ đ&iacute;ch bởi c&aacute;c trị liệu tại spa) hoặc đang suy yếu (do mụn/k&iacute;ch ứng&hellip; chẳng hạn) th&igrave; điều cơ bản nhất l&agrave; phục hồi đ&uacute;ng c&aacute;ch v&agrave; đ&uacute;ng l&uacute;c. Giống như cơ thể sau một trận ốm th&igrave; cần được bồi bổ vậy. Thậm ch&iacute;, ngay cả những l&agrave;n da khỏe mạnh cũng n&ecirc;n c&acirc;n nhắc sử dụng một trong c&aacute; liệu tr&igrave;nh thuộc nh&oacute;m phục hồi n&agrave;y với tần suất 1 th&aacute;ng/lần để duy tr&igrave; &ldquo;phong độ&rdquo; ổn định v&agrave; ngăn ngừa c&aacute;c dấu hiệu l&atilde;o h&oacute;a sớm.</span><br />\r\n<br />\r\n<span style=\"color:rgb(5, 5, 5); font-size:15px\">Liệu tr&igrave;nh Điện di lạnh tế b&agrave;o gốc cũng l&agrave; liệu tr&igrave;nh ph&ugrave; hợp nhất để điều trị c&aacute;c t&igrave;nh trạng k&iacute;ch ứng hay nhiễm corticoid do sử dụng mỹ phẩm sai c&aacute;ch. Đ&acirc;y l&agrave; chiếc phao cứu sinh hữu hiệu nhất cho l&agrave;n da đang trong t&igrave;nh trạng S.O.S m&agrave; kh&ocirc;ng cần lo lắng về t&igrave;nh trạng mẫn cảm ngay tại thời điểm đ&oacute;, bởi tế b&agrave;o gốc ch&iacute;nh l&agrave; một th&agrave;nh phần tồn tại trong cơ thể v&agrave; tương t&iacute;ch ho&agrave;n to&agrave;n với l&agrave;n da của mỗi ch&uacute;ng ta&nbsp;</span><span style=\"color:rgb(5, 5, 5); font-size:15px\"><img alt=\"❤️\" class=\"xz74otr\" src=\"https://static.xx.fbcdn.net/images/emoji.php/v9/t6c/1/16/2764.png\" style=\"border:0px; height:16px; object-fit:fill; width:16px\" /></span><span style=\"color:rgb(5, 5, 5); font-size:15px\"><img alt=\"❤️\" class=\"xz74otr\" src=\"https://static.xx.fbcdn.net/images/emoji.php/v9/t6c/1/16/2764.png\" style=\"border:0px; height:16px; object-fit:fill; width:16px\" /></span></p>\r\n\r\n<div>&nbsp;</div>\r\n","Author":"","Source":"","Thumbnail":"2024/04/26/ads4_2024-04-26-112948_260424-112948.png","CreateDate":"2024-04-26T10:36:00","LastModifyDate":"2024-04-26T10:36:20","Keyword":"","Channels":"11278","View":0,"Status":"0,1","Order":0,"TitleSEO":"","DescSEO":"","KeySEO":"","LinkSEO":"","FriendStr":"ads4","IsPublic":1,"Rel":"","Price":0}}