﻿{"article":{"PhotoList":["2024/04/10/2_2024-04-10-152054_100424-032054.png"],"PhotoEx":[],"onImg":true,"CateList":null,"CateTitle":"Tips hướng dẫn","CateTitle2":"Tips hướng dẫn","CateLink":"","CateID":"11262","CateID2":11262,"Thumbnail_web":"/Upload/image/2024/04/10/2_2024-04-10-152054_100424-032054.png","Date_web":"(10/04/2024)","LinktoMe":"/tips-huong-dan/meo-tang-doanh-thu-cho-spa-khi-su-dung-vi-dien-tu-1519.aspx","ToMe":"/meo-tang-doanh-thu-cho-spa-khi-su-dung-vi-dien-tu-1519.aspx","ToMeOnly":"/meo-tang-doanh-thu-cho-spa-khi-su-dung-vi-dien-tu.aspx","ID":1519,"Title":"Mẹo tăng doanh thu cho spa khi sử dụng ví điện tử","Desc":"<p>V&iacute; điện tử đang dần dần trở th&agrave;nh 1 kh&aacute;i niệm mới thay thế cho việc t&iacute;ch điểm th&ocirc;ng thường trong quản l&yacute; v&agrave; chăm s&oacute;c kh&aacute;ch h&agrave;ng. Đặc biệt l&agrave; nh&oacute;m ng&agrave;nh kinh doanh Spa / Thẩm mỹ viện khi m&agrave; việc n&acirc;ng cao tỉ lệ kh&aacute;ch h&agrave;ng quay lại sử dụng dịch vụ l&agrave; một phần của việc tạo ra doanh thu.</p>\r\n","Content":"","Author":"","Source":"","Thumbnail":"2024/04/10/2_2024-04-10-152054_100424-032054.png","CreateDate":"2024-04-10T03:20:00","LastModifyDate":"2024-04-10T15:20:15","Keyword":"","Channels":"11262","View":0,"Status":"0,1","Order":0,"TitleSEO":"","DescSEO":"","KeySEO":"","LinkSEO":"","FriendStr":"meo-tang-doanh-thu-cho-spa-khi-su-dung-vi-dien-tu","IsPublic":1,"Rel":"","Price":0}}