﻿{"Cates":[{"ParentID":2,"Order":3,"Subs":[{"ParentID":11262,"Order":17,"Subs":[],"ID":11280,"Title":"Quản lý - vận hành","Desc":"","CreateDate":null},{"ParentID":11262,"Order":18,"Subs":[],"ID":11281,"Title":"Xử lý tình huống","Desc":"","CreateDate":null},{"ParentID":11262,"Order":19,"Subs":[],"ID":11282,"Title":"Tips Marketing ","Desc":"","CreateDate":null},{"ParentID":11262,"Order":20,"Subs":[],"ID":11283,"Title":"Tips chăm sóc khách hàng","Desc":"","CreateDate":null}],"ID":11262,"Title":"Tips hướng dẫn","Desc":"","CreateDate":null},{"ParentID":11262,"Order":17,"Subs":[],"ID":11280,"Title":"Quản lý - vận hành","Desc":"","CreateDate":null},{"ParentID":11262,"Order":18,"Subs":[],"ID":11281,"Title":"Xử lý tình huống","Desc":"","CreateDate":null},{"ParentID":11262,"Order":19,"Subs":[],"ID":11282,"Title":"Tips Marketing ","Desc":"","CreateDate":null},{"ParentID":11262,"Order":20,"Subs":[],"ID":11283,"Title":"Tips chăm sóc khách hàng","Desc":"","CreateDate":null}],"Articles":[{"Paths":[{"ID":11262,"Title":"Tips hướng dẫn"},{"ID":11281,"Title":"Xử lý tình huống"}],"Price":10000,"PhotoList":["2024/04/10/chot-sale-khi-khach-hang-che-dat_2024-04-10-095742_100424-095742.png","2024/04/10/4_2024-04-10-095821_100424-095821.png"],"ID":1512,"Title":"Chốt sale khi khách hàng chê đắt","Desc":"<p>Trong qu&aacute; tr&igrave;nh chốt sale, chắc chắn chủ tiệm hay tư vấn vi&ecirc;n đều gặp t&igrave;nh huống kh&aacute;ch h&agrave;ng ch&ecirc; gi&aacute; dịch vụ đắt. Vậy đối với trường hợp n&agrave;y, người tư vấn cần phải l&agrave;m g&igrave; để c&oacute; thể chốt sale dịch vụ đ&oacute;?</p>\r\n","CreateDate":"2024-04-10T09:15:00"},{"Paths":[{"ID":11262,"Title":"Tips hướng dẫn"},{"ID":11281,"Title":"Xử lý tình huống"}],"Price":0,"PhotoList":["2024/04/10/khach-hang-spa-im-lang-khi-tu-van_2024-04-10-095657_100424-095657.png"],"ID":1514,"Title":"Khách hàng Spa im lặng khi tư vấn","Desc":"<p>Chắc hẳn kh&ocirc;ng &iacute;t nh&acirc;n vi&ecirc;n tư vấn rơi v&agrave;o t&igrave;nh trạng kh&aacute;ch h&agrave;ng Spa im lặng khi inbox g&acirc;y kh&oacute; khăn trong việc chốt sale. Đ&acirc;y l&agrave; thực trạng hầu hết c&aacute;c doanh nghiệp hiện nay kh&ocirc;ng chỉ ri&ecirc;ng với ng&agrave;nh l&agrave;m đẹp Spa, vậy l&agrave;m thế n&agrave;o để khắc phục t&igrave;nh trạng tr&ecirc;n?&nbsp;</p>\r\n","CreateDate":"2024-04-10T09:23:00"},{"Paths":[{"ID":11262,"Title":"Tips hướng dẫn"},{"ID":11280,"Title":"Quản lý - vận hành"}],"Price":0,"PhotoList":["2024/04/10/bi-quyet-quan-ly-va-van-hanh-spa_2024-04-10-095630_100424-095630.png"],"ID":1515,"Title":"Bí quyết - Quản lý và vận hành spa","Desc":"<p>Th&ocirc;ng thường với một spa nhỏ th&igrave; chủ đầu tư cũng sẽ l&agrave; người trực tiếp quản l&yacute; v&agrave; vận h&agrave;nh spa. C&ograve;n những spa c&oacute; quy m&ocirc; lớn hơn sẽ phải thu&ecirc; một hay nhiều quản l&yacute; spa chuy&ecirc;n nghiệp. Tuy nhi&ecirc;n, d&ugrave; &agrave; ai đi chăng nữa th&igrave; người quản l&yacute; vận h&agrave;nh spa hội tụ được những yếu tố dưới đ&acirc;y:</p>\r\n","CreateDate":"2024-04-10T09:27:00"},{"Paths":[{"ID":11262,"Title":"Tips hướng dẫn"},{"ID":11282,"Title":"Tips Marketing "}],"Price":0,"PhotoList":["2024/04/10/telesale-tu-dong_2024-04-10-151436_100424-031436.png"],"ID":1516,"Title":"TeleSale tự động","Desc":"<p>Với việc kh&aacute;ch h&agrave;ng sử dụng APP, chức năng TeleSale tự động sẽ thực hiện những cuộc gọi tự động với nội dung giới thiệu sản phẩm, dịch vụ của Spa &amp; Thẩm Mỹ Viện tới kh&aacute;ch h&agrave;ng qua APP</p>\r\n","CreateDate":"2024-04-10T03:12:00"},{"Paths":[{"ID":11262,"Title":"Tips hướng dẫn"},{"ID":11280,"Title":"Quản lý - vận hành"}],"Price":0,"PhotoList":["2024/04/10/tinh-luong-nhan-vien-spa-thoi-dai-4-0_2024-04-10-151557_100424-031557.png"],"ID":1517,"Title":"Tính lương nhân viên spa thời đại 4.0","Desc":"<p>T&iacute;nh lương nh&acirc;n vi&ecirc;n spa l&agrave; một vấn đề kh&ocirc;ng phải mới đối với kh&aacute;ch h&agrave;ng đ&atilde; v&agrave; đang hoạt động tuy nhi&ecirc;n đ&acirc;y lại l&agrave; vấn đề tốn nhiều thời gian v&agrave; chi ph&iacute; quản l&yacute; v&agrave;o thời điểm cuối th&aacute;ng ( thống k&ecirc; )</p>\r\n","CreateDate":"2024-04-10T03:15:00"},{"Paths":[{"ID":11262,"Title":"Tips hướng dẫn"},{"ID":11282,"Title":"Tips Marketing "}],"Price":0,"PhotoList":["2024/04/10/setup-cac-chuong-trinh-khuyen-mai_2024-04-10-151904_100424-031904.png"],"ID":1518,"Title":"Setup các chương trình khuyến mại ","Desc":"<p>Chia sẻ kinh nghiệm về việc tổ chức c&aacute;c mẫu chương tr&igrave;nh khuyến mại hiệu quả d&agrave;nh cho spa, thẩm mỹ viện nhằm tăng doanh thu v&agrave; kh&ocirc;ng bị giảm gi&aacute; trị thương hiệu SPA</p>\r\n","CreateDate":"2024-04-10T03:18:00"},{"Paths":[{"ID":11262,"Title":"Tips hướng dẫn"}],"Price":0,"PhotoList":["2024/04/10/2_2024-04-10-152054_100424-032054.png"],"ID":1519,"Title":"Mẹo tăng doanh thu cho spa khi sử dụng ví điện tử","Desc":"<p>V&iacute; điện tử đang dần dần trở th&agrave;nh 1 kh&aacute;i niệm mới thay thế cho việc t&iacute;ch điểm th&ocirc;ng thường trong quản l&yacute; v&agrave; chăm s&oacute;c kh&aacute;ch h&agrave;ng. Đặc biệt l&agrave; nh&oacute;m ng&agrave;nh kinh doanh Spa / Thẩm mỹ viện khi m&agrave; việc n&acirc;ng cao tỉ lệ kh&aacute;ch h&agrave;ng quay lại sử dụng dịch vụ l&agrave; một phần của việc tạo ra doanh thu.</p>\r\n","CreateDate":"2024-04-10T03:20:00"}]}