﻿{"article":{"PhotoList":["2024/04/27/5-truoc-sau_2024-04-27-092212_270424-092212.png"],"PhotoEx":[],"onImg":true,"CateList":null,"CateTitle":"Hiệu quả trước sau","CateTitle2":"Hiệu quả trước sau","CateLink":"","CateID":"11267","CateID2":11267,"Thumbnail_web":"/Upload/image/2024/04/27/5-truoc-sau_2024-04-27-092212_270424-092212.png","Date_web":"(27/04/2024)","LinktoMe":"/hieu-qua-truoc-sau/5-1538.aspx","ToMe":"/5-1538.aspx","ToMeOnly":"/5.aspx","ID":1538,"Title":"5","Desc":"<p>5 - Trước sau</p>\r\n","Content":"","Author":"","Source":"","Thumbnail":"2024/04/27/5-truoc-sau_2024-04-27-092212_270424-092212.png","CreateDate":"2024-04-27T09:22:00","LastModifyDate":"2024-04-27T09:22:02","Keyword":"","Channels":"11267","View":0,"Status":"0,1","Order":0,"TitleSEO":"","DescSEO":"","KeySEO":"","LinkSEO":"","FriendStr":"5","IsPublic":1,"Rel":"","Price":0}}