﻿{"article":{"PhotoList":["2024/04/27/3-dich-vu_2024-04-27-092556_270424-092556.png"],"PhotoEx":[],"onImg":true,"CateList":null,"CateTitle":"Giới thiệu dịch vụ","CateTitle2":"Giới thiệu dịch vụ","CateLink":"","CateID":"11269","CateID2":11269,"Thumbnail_web":"/Upload/image/2024/04/27/3-dich-vu_2024-04-27-092556_270424-092556.png","Date_web":"(27/04/2024)","LinktoMe":"/gioi-thieu-dich-vu/3-1542.aspx","ToMe":"/3-1542.aspx","ToMeOnly":"/3.aspx","ID":1542,"Title":"3","Desc":"<p>3 - Dịch vụ</p>\r\n","Content":"","Author":"","Source":"","Thumbnail":"2024/04/27/3-dich-vu_2024-04-27-092556_270424-092556.png","CreateDate":"2024-04-27T09:25:00","LastModifyDate":"2024-04-27T09:25:38","Keyword":"","Channels":"11269","View":0,"Status":"0,1","Order":0,"TitleSEO":"","DescSEO":"","KeySEO":"","LinkSEO":"","FriendStr":"3","IsPublic":1,"Rel":"","Price":0}}