﻿{"Cates":[{"ParentID":2,"Order":1,"Subs":[{"ParentID":11260,"Order":6,"Subs":[],"ID":11265,"Title":"Chương trình khuyến mại","Desc":"","CreateDate":null},{"ParentID":11260,"Order":7,"Subs":[],"ID":11266,"Title":"Voucher - Coupon","Desc":"","CreateDate":null},{"ParentID":11260,"Order":8,"Subs":[],"ID":11267,"Title":"Hiệu quả trước sau","Desc":"","CreateDate":null},{"ParentID":11260,"Order":9,"Subs":[],"ID":11268,"Title":"Feedback khách hàng","Desc":"","CreateDate":null},{"ParentID":11260,"Order":10,"Subs":[],"ID":11269,"Title":"Giới thiệu dịch vụ","Desc":"","CreateDate":null},{"ParentID":11260,"Order":11,"Subs":[],"ID":11270,"Title":"Giới thiệu sản phẩm","Desc":"","CreateDate":null},{"ParentID":11260,"Order":12,"Subs":[],"ID":11271,"Title":"Sự kiện","Desc":"","CreateDate":null},{"ParentID":11260,"Order":13,"Subs":[],"ID":11272,"Title":"Tips làm đẹp","Desc":"","CreateDate":null}],"ID":11260,"Title":"Thiết kế banner","Desc":"","CreateDate":null},{"ParentID":11260,"Order":6,"Subs":[],"ID":11265,"Title":"Chương trình khuyến mại","Desc":"","CreateDate":null},{"ParentID":11260,"Order":7,"Subs":[],"ID":11266,"Title":"Voucher - Coupon","Desc":"","CreateDate":null},{"ParentID":11260,"Order":8,"Subs":[],"ID":11267,"Title":"Hiệu quả trước sau","Desc":"","CreateDate":null},{"ParentID":11260,"Order":9,"Subs":[],"ID":11268,"Title":"Feedback khách hàng","Desc":"","CreateDate":null},{"ParentID":11260,"Order":10,"Subs":[],"ID":11269,"Title":"Giới thiệu dịch vụ","Desc":"","CreateDate":null},{"ParentID":11260,"Order":11,"Subs":[],"ID":11270,"Title":"Giới thiệu sản phẩm","Desc":"","CreateDate":null},{"ParentID":11260,"Order":12,"Subs":[],"ID":11271,"Title":"Sự kiện","Desc":"","CreateDate":null},{"ParentID":11260,"Order":13,"Subs":[],"ID":11272,"Title":"Tips làm đẹp","Desc":"","CreateDate":null}],"Articles":[{"Paths":[{"ID":11260,"Title":"Thiết kế banner"},{"ID":11265,"Title":"Chương trình khuyến mại"}],"Price":0,"ID":1509,"Title":"Giải quyết khi khách hàng chê giá dịch vụ Spa đắt ?","Desc":"<p>L&agrave;m trong nghề dịch vụ, chắc hẳn doanh nghiệp n&agrave;o cũng đ&atilde; từng gặp phải trường hợp kh&aacute;ch h&agrave;ng ch&ecirc; gi&aacute; dịch vụ cũng như sản phẩm mắc v&agrave; cao hơn đối thủ cạnh tranh hoặc mức gi&aacute; phải trả kh&ocirc;ng c&acirc;n xứng với chất lượng dịch vụ</p>\r\n","CreateDate":"2024-03-19T03:22:00"}]}