﻿{"article":{"PhotoList":["2024/04/10/tinh-luong-nhan-vien-spa-thoi-dai-4-0_2024-04-10-151557_100424-031557.png"],"PhotoEx":[],"onImg":true,"CateList":null,"CateTitle":"Quản lý - vận hành","CateTitle2":"Quản lý - vận hành","CateLink":"","CateID":"11280","CateID2":11280,"Thumbnail_web":"/Upload/image/2024/04/10/tinh-luong-nhan-vien-spa-thoi-dai-4-0_2024-04-10-151557_100424-031557.png","Date_web":"(10/04/2024)","LinktoMe":"/quan-ly-van-hanh/tinh-luong-nhan-vien-spa-thoi-dai-4-0-1517.aspx","ToMe":"/tinh-luong-nhan-vien-spa-thoi-dai-4-0-1517.aspx","ToMeOnly":"/tinh-luong-nhan-vien-spa-thoi-dai-4-0.aspx","ID":1517,"Title":"Tính lương nhân viên spa thời đại 4.0","Desc":"<p>T&iacute;nh lương nh&acirc;n vi&ecirc;n spa l&agrave; một vấn đề kh&ocirc;ng phải mới đối với kh&aacute;ch h&agrave;ng đ&atilde; v&agrave; đang hoạt động tuy nhi&ecirc;n đ&acirc;y lại l&agrave; vấn đề tốn nhiều thời gian v&agrave; chi ph&iacute; quản l&yacute; v&agrave;o thời điểm cuối th&aacute;ng ( thống k&ecirc; )</p>\r\n","Content":"","Author":"","Source":"","Thumbnail":"2024/04/10/tinh-luong-nhan-vien-spa-thoi-dai-4-0_2024-04-10-151557_100424-031557.png","CreateDate":"2024-04-10T03:15:00","LastModifyDate":"2024-04-10T15:15:17","Keyword":"","Channels":"11280","View":0,"Status":"0,1","Order":0,"TitleSEO":"","DescSEO":"","KeySEO":"","LinkSEO":"","FriendStr":"tinh-luong-nhan-vien-spa-thoi-dai-4-0","IsPublic":1,"Rel":"","Price":0}}