﻿{"article":{"PhotoList":["2024/04/10/chot-sale-khi-khach-hang-che-dat_2024-04-10-095742_100424-095742.png","2024/04/10/4_2024-04-10-095821_100424-095821.png"],"PhotoEx":[{"ID":1876,"Table":"a","RowID":1512,"Title":"","Value":"2024/04/10/4_2024-04-10-095821_100424-095821.png","TypeValue":"image","BeginDate":null,"EndDate":null,"Rel":"","Order":1,"Link":"","Desc":""}],"onImg":true,"CateList":null,"CateTitle":"Xử lý tình huống","CateTitle2":"Xử lý tình huống","CateLink":"","CateID":"11281","CateID2":11281,"Thumbnail_web":"/Upload/image/2024/04/10/chot-sale-khi-khach-hang-che-dat_2024-04-10-095742_100424-095742.png","Date_web":"(10/04/2024)","LinktoMe":"/xu-ly-tinh-huong/chot-sale-khi-khach-hang-che-dat-1512.aspx","ToMe":"/chot-sale-khi-khach-hang-che-dat-1512.aspx","ToMeOnly":"/chot-sale-khi-khach-hang-che-dat.aspx","ID":1512,"Title":"Chốt sale khi khách hàng chê đắt","Desc":"<p>Trong qu&aacute; tr&igrave;nh chốt sale, chắc chắn chủ tiệm hay tư vấn vi&ecirc;n đều gặp t&igrave;nh huống kh&aacute;ch h&agrave;ng ch&ecirc; gi&aacute; dịch vụ đắt. Vậy đối với trường hợp n&agrave;y, người tư vấn cần phải l&agrave;m g&igrave; để c&oacute; thể chốt sale dịch vụ đ&oacute;?</p>\r\n","Content":"<p style=\"text-align:justify\">Kh&aacute;ch h&agrave;ng ch&ecirc; mắc l&agrave; t&igrave;nh huống thường gặp tại bất kỳ spa, thẩm mỹ viện hay salon n&agrave;o. Đối với những người tư vấn thiếu ki&ecirc;n nhẫn, họ sẽ dừng tư vấn, bỏ cuộc v&agrave; nghĩ rằng kh&aacute;ch h&agrave;ng sẽ kh&ocirc;ng mua dịch vụ. Như vậy, spa đ&atilde; bỏ qua cơ hội c&oacute; th&ecirc;m một kh&aacute;ch h&agrave;ng tiềm năng v&agrave; gia tăng doanh số. Tuy nhi&ecirc;n, c&oacute; một số tư vấn vi&ecirc;n đ&atilde; th&agrave;nh c&ocirc;ng chốt sale cho những kh&aacute;ch h&agrave;ng ch&ecirc; mắc đ&oacute; v&agrave; họ đưa ra những l&yacute; do v&ocirc; c&ugrave;ng thuyết phục cho mức gi&aacute; dịch vụ đắt đỏ. Vậy bạn c&oacute; t&ograve; m&ograve; b&iacute; quyết của họ l&agrave; g&igrave; kh&ocirc;ng? T&igrave;m hiểu ngay sau đ&acirc;y!</p>\r\n\r\n<h3 style=\"text-align:justify\"><strong>Lắng nghe kh&aacute;ch h&agrave;ng với th&aacute;i độ t&ocirc;n trọng</strong></h3>\r\n\r\n<p style=\"text-align:justify\"><br />\r\nLắng nghe kh&aacute;ch h&agrave;ng l&agrave; một trong những kỹ năng quan trọng nhất đối với bất kỳ nh&acirc;n vi&ecirc;n tư vấn n&agrave;o. Thế nhưng, n&oacute; thường bị bỏ qua v&agrave; đ&aacute;nh gi&aacute; thấp trong qu&aacute; tr&igrave;nh b&aacute;n h&agrave;ng. V&igrave; sao lại như vậy? Bởi tư vấn vi&ecirc;n cảm thấy họ cần phải n&ecirc;u bật được ưu điểm của sản phẩm/dịch vụ của spa v&agrave; n&oacute;i chuyện mang lại cảm gi&aacute;c được l&agrave;m chủ cuộc trao đổi khiến họ tự tin hơn.</p>\r\n\r\n<p style=\"text-align:center\"><img alt=\"1\" src=\"/Upload/image/2024/04/10/4_2024-04-10-095821_100424-095821.png\" /></p>\r\n\r\n<p style=\"text-align:justify\">Tuy nhi&ecirc;n, nếu kh&ocirc;ng lắng nghe, bạn sẽ kh&ocirc;ng nắm bắt r&otilde; nhu cầu của kh&aacute;ch v&agrave; sẽ kh&ocirc;ng b&aacute;n được h&agrave;ng. Ngay cả khi b&aacute;n được h&agrave;ng, &ldquo;giải ph&aacute;p&rdquo; được b&aacute;n c&oacute; thể kh&ocirc;ng đ&uacute;ng như mong đợi, g&acirc;y ra sự kh&ocirc;ng h&agrave;i l&ograve;ng của kh&aacute;ch h&agrave;ng v&agrave; l&agrave;m tổn hại uy t&iacute;n của doanh nghiệp.&nbsp;</p>\r\n\r\n<p style=\"text-align:justify\">Để c&oacute; thể lắng nghe kh&aacute;ch h&agrave;ng phản hồi, ngay cả khi đ&oacute; l&agrave; yếu tố ti&ecirc;u cực như ch&ecirc; gi&aacute; qu&aacute; đắt, sản phẩm chưa vừa &yacute;, bạn cần nắm r&otilde; một v&agrave;i nguy&ecirc;n tắc như sau:&nbsp;</p>\r\n\r\n<p style=\"text-align:justify\"><strong>&bull; Kh&ocirc;ng ngắt lời:</strong> Ngắt lời kh&ocirc;ng chỉ l&agrave; sự th&ocirc; lỗ trong giao tiếp m&agrave; c&ograve;n c&oacute; nghĩa l&agrave; bạn sẽ bỏ lỡ điều g&igrave; đ&oacute; th&uacute; vị, thậm ch&iacute; l&agrave; quan trọng gi&uacute;p x&aacute;c định ch&iacute;nh x&aacute;c nhu cầu của kh&aacute;ch h&agrave;ng. Thế nhưng, bạn kh&ocirc;ng thể v&igrave; đ&atilde; chen ngang. H&atilde;y đ&aacute;nh bay nỗi sợ im lặng của bạn. Bạn sẽ thấy rằng nếu c&oacute; một khoảng lặng khi kh&aacute;ch h&agrave;ng n&oacute;i xong, họ thường sẽ c&oacute; điều g&igrave; đ&oacute; muốn bổ sung &ndash; điều m&agrave; bạn sẽ kh&ocirc;ng bao giờ nghe thấy nếu bắt đầu n&oacute;i chuyện ngay lập tức.</p>\r\n\r\n<p style=\"text-align:justify\"><strong>&bull; Lắng nghe một c&aacute;ch nghi&ecirc;m t&uacute;c:</strong> Nếu bạn tỏ th&aacute;i độ thiếu t&ocirc;n trọng hoặc kh&ocirc;ng lắng nghe một c&aacute;ch cẩn thận những phản hồi của kh&aacute;ch h&agrave;ng, bạn đ&atilde; ho&agrave;n to&agrave;n thất b&agrave;i trong việc th&aacute;o gỡ n&uacute;t thắt về gi&aacute; v&agrave; chinh phục họ. Kh&aacute;ch h&agrave;ng lu&ocirc;n muốn được lắng nghe, bất kể chi tiết nhỏ nếu được ch&uacute; t&acirc;m v&agrave; giải th&iacute;ch cặn kẽ cho họ những th&ocirc;ng tin, nguy&ecirc;n nh&acirc;n, giải đ&aacute;p được những thắc mắc của họ đều l&agrave;m cuộc tư vấn trở n&ecirc;n c&oacute; gi&aacute; trị v&agrave; dễ th&agrave;nh c&ocirc;ng hơn. Kh&ocirc;ng phải cứ im lắng l&agrave; bạn đang lắng nghe, h&atilde;y lắng nghe v&agrave; thực sự suy nghĩ về những điều kh&aacute;ch h&agrave;ng n&oacute;i, đ&oacute; ch&iacute;nh l&agrave; b&iacute; quyết gi&uacute;p nhiều người tư vấn kỵ cựu đ&atilde; chốt sale th&agrave;nh c&ocirc;ng đối với những kh&aacute;ch h&agrave;ng &ldquo;tưởng chừng như họ kh&ocirc;ng th&iacute;ch dịch vụ đ&oacute; cho lắm&rdquo;.</p>\r\n\r\n<p style=\"text-align:justify\"><strong>&bull; Đừng để kh&aacute;ch h&agrave;ng lặp lại:</strong> Một trong những nỗi thất vọng lớn nhất của kh&aacute;ch h&agrave;ng l&agrave; phải lặp lại những g&igrave; đ&atilde; n&oacute;i. C&agrave;ng thất vọng th&igrave; sự ki&ecirc;n nhẫn của họ cũng sẽ giảm đi đ&aacute;ng kể. C&oacute; thể kh&aacute;ch h&agrave;ng sẽ kh&ocirc;ng ngại lặp lại nếu vấn đề của họ phức tạp hoặc c&oacute; nhiều bộ phận c&ugrave;ng tham gia xử l&yacute;. Nhưng họ sẽ trở n&ecirc;n rất bực bội khi nhắc lại t&igrave;nh huống v&igrave; nh&acirc;n vi&ecirc;n b&aacute;n h&agrave;ng &ndash; người đ&aacute;ng lẽ phải &ldquo;phục vụ&rdquo; họ lại kh&ocirc;ng lắng nghe.&nbsp;</p>\r\n\r\n<h3 style=\"text-align:justify\"><strong>Xoa dịu sự tức giận, nổi n&oacute;ng hoặc nghi ngờ của kh&aacute;ch h&agrave;ng về gi&aacute; dịch vụ</strong></h3>\r\n\r\n<p style=\"text-align:justify\"><br />\r\nKhi được b&aacute;o gi&aacute; qu&aacute; cao so với dự t&iacute;nh ban đầu, kh&aacute;ch h&agrave;ng sẽ c&oacute; rất nhiều phản ứng kh&aacute;c nhau. Một số kh&aacute;ch h&agrave;ng sẽ tỏ ra tức giận, một số kh&aacute;ch h&agrave;ng trở n&ecirc;n căng thẳng hơn v&agrave; t&igrave;m c&aacute;ch để chấm dứt cuộc tư vấn nhanh nhất c&oacute; thể.&nbsp;</p>\r\n\r\n<p style=\"text-align:justify\">Tất nhi&ecirc;n, việc tư vấn v&agrave; chốt tiếp dịch vụ cho một kh&aacute;ch h&agrave;ng đang ch&ecirc; gi&aacute; qu&aacute; dắt l&agrave; một điều v&ocirc; c&ugrave;ng kh&oacute; khăn. Trong trường hợp n&agrave;y c&aacute;ch hợp l&yacute; nhất l&agrave; h&atilde;y xoa dịu kh&aacute;ch h&agrave;ng bằng c&aacute;ch thể hiện sự đồng cảm đối với những băn khoăn của họ. Chẳng hạn, bạn c&oacute; thể trả lời: &ldquo;Dạ, em cảm ơn anh/chị. Em ho&agrave;n to&agrave;n hiểu những băn khoăn của anh chị. Khi mua h&agrave;ng th&igrave; vấn đề chi ph&iacute; chắc chắn l&agrave; một yếu tố rất quan trọng cần phải c&acirc;n nhắc kỹ lưỡng. Nhưng anh/chị y&ecirc;n t&acirc;m, rất nhiều kh&aacute;ch h&agrave;ng khi mua v&agrave; sử dụng dịch vụ của b&ecirc;n em, đều cảm thấy rất h&agrave;i l&ograve;ng. Em chắc chắn anh/chị sẽ thấy số tiền m&igrave;nh đ&atilde; trả l&agrave; ho&agrave;n to&agrave;n xứng đ&aacute;ng với những lợi &iacute;ch m&agrave; dịch vụ mang lại&rdquo;.&nbsp;</p>\r\n\r\n<h3 style=\"text-align:justify\"><strong>X&aacute;c định nguy&ecirc;n nh&acirc;n</strong></h3>\r\n\r\n<p style=\"text-align:justify\"><br />\r\nĐ&ocirc;i khi, một kh&aacute;ch h&agrave;ng ch&ecirc; dịch vụ gi&aacute; đắt kh&ocirc;ng phải v&igrave; họ kh&ocirc;ng đủ điều kiện t&agrave;i ch&iacute;nh, m&agrave; l&agrave; do một số nguy&ecirc;n nh&acirc;n kh&aacute;c như: Họ cảm thấy dịch vụ chưa tương xứng với gi&aacute; tiền, họ đ&atilde; từng được tư vấn mức gi&aacute; rẻ hơn ở những cơ sở l&agrave;m đẹp kh&aacute;c hoặc nghi ngờ về chất lượng dịch vụ v&agrave; uy t&iacute;n thương hiệu. V&agrave; c&ograve;n rất nhiều l&yacute; do kh&aacute;c nữa khiến kh&aacute;ch h&agrave;ng cảm thấy gi&aacute; dịch vụ của bạn đắt. T&ugrave;y thuộc v&agrave;o từng nguy&ecirc;n nh&acirc;n cụ thể, sẽ c&oacute; những c&aacute;ch giải quyết v&agrave; chốt sale kh&aacute;c nhau.&nbsp;</p>\r\n\r\n<h3 style=\"text-align:justify\"><strong>Giải quyết vấn đề&nbsp;</strong></h3>\r\n\r\n<p style=\"text-align:justify\"><br />\r\n&bull; Kh&aacute;ch h&agrave;ng ch&ecirc; đắt do vượt qu&aacute; ng&acirc;n s&aacute;ch kh&aacute;ch h&agrave;ng c&oacute; thể chi trả&nbsp;</p>\r\n\r\n<p style=\"text-align:justify\">Mỗi kh&aacute;ch h&agrave;ng đều sẽ c&oacute; một kế hoạch chi ti&ecirc;u kh&aacute;c nhau v&agrave; phạm vi ng&acirc;n s&aacute;ch c&oacute; thể chi trả cho hoạt động l&agrave;m đẹp, chăm s&oacute;c c&aacute; nh&acirc;n. Nếu kh&aacute;ch h&agrave;ng chia sẻ gi&aacute; dịch vụ &ldquo;đắt thật&rdquo;, bạn h&atilde;y đồng cảm với họ về mức gi&aacute; dịch vụ v&agrave; giải th&iacute;ch tại sao n&oacute; đắt. Gi&aacute; trị m&agrave; dịch vụ đ&oacute; mang lại cho kh&aacute;ch h&agrave;ng l&agrave; g&igrave;? Tại sao họ cần phải sử dụng dịch vụ đ&oacute; ngay. H&atilde;y chọn những lợi &iacute;ch, ưu điểm, c&ocirc;ng dụng của dịch vụ m&agrave; bạn cảm thấy ph&ugrave; hợp v&agrave; cần thiết nhất với kh&aacute;ch h&agrave;ng để chia sẻ.&nbsp;</p>\r\n\r\n<p style=\"text-align:justify\">V&iacute; dụ: Nếu chị kh&ocirc;ng sử dụng liệu tr&igrave;nh điều trị n&aacute;m b&ecirc;n em ngay khi t&igrave;nh trạng của m&igrave;nh c&ograve;n nhẹ th&igrave; chị sẽ cần phải trả rất nhiều tiền để c&oacute; thể điều trị dứt điểm về sua n&agrave;y. Hơn nữa, gi&aacute; dịch vụ b&ecirc;n em tuy đắt nhưng b&ugrave; lại sẽ cam kết chất lượng cho m&igrave;nh, sau khi kết th&uacute;c liệu tr&igrave;nh b&ecirc;n em khẳng định sẽ cải thiện đến 90% t&igrave;nh trạng da hiện tại. Điều n&agrave;y, khi chị sử dụng c&aacute;c dịch vụ gi&aacute; rẻ kh&aacute;c sẽ kh&ocirc;ng thể cam kết hiệu quả cho m&igrave;nh được.&nbsp;</p>\r\n\r\n<p style=\"text-align:justify\">&bull; Kh&aacute;ch h&agrave;ng ch&ecirc; đắt do nghi ngờ chất lượng dịch vụ &amp; so s&aacute;nh gi&aacute; với đối thủ&nbsp;</p>\r\n\r\n<p style=\"text-align:justify\">Nếu kh&aacute;ch h&agrave;ng cho rằng dịch vụ kh&ocirc;ng xứng đ&aacute;ng với gi&aacute; tiền, h&atilde;y đặt c&acirc;u hỏi cho bạn: &ldquo;dịch vụ ở spa của bạn c&oacute; g&igrave; kh&aacute;c biệt hơn so với spa kh&aacute;c? Tại sao c&oacute; những cơ sở kh&aacute;c b&aacute;n gi&aacute; mềm hơn?&rdquo;. Khi nhận được những c&acirc;u hỏi đ&oacute;, bạn n&ecirc;n khẳng định v&agrave; giới thiệu cho kh&aacute;ch h&agrave;ng kỹ hơn về dịch vụ b&ecirc;n của b&ecirc;n bạn v&agrave; nếu một số điểm kh&aacute;c biệt, vượt trội v&agrave; l&agrave; lợi thế của spa như: dịch vụ chăm s&oacute;c kh&aacute;ch h&agrave;ng, bảo h&agrave;nh, c&aacute;c sản phẩm chất lượng được sử dụng,...</p>\r\n\r\n<p style=\"text-align:justify\">&bull; Kh&aacute;ch h&agrave;ng so s&aacute;nh gi&aacute; với c&aacute;c đối thủ của bạn</p>\r\n\r\n<p style=\"text-align:justify\">Nếu gi&aacute; sản phẩm của đối thủ cạnh tranh rẻ hơn của bạn, n&ecirc;n giải th&iacute;ch cho kh&aacute;ch h&agrave;ng theo hướng &ldquo;tiền n&agrave;o của nấy&rdquo; v&agrave; ph&acirc;n t&iacute;ch cho họ hiểu v&igrave; sao sản phẩm của bạn c&oacute; gi&aacute; trị cao hơn so với đối thủ. V&iacute; dụ gi&aacute; th&agrave;nh cao phụ thuộc v&agrave;o c&ocirc;ng dụng v&agrave; chức năng đi k&egrave;m của sản phẩm hoặc ph&acirc;n t&iacute;ch ưu điểm sản phẩm của m&igrave;nh để so s&aacute;nh với c&aacute;c nhược điểm sản phẩm của đối thủ chẳng hạn.</p>\r\n\r\n<p style=\"text-align:justify\">&nbsp;</p>\r\n","Author":"","Source":"","Thumbnail":"2024/04/10/chot-sale-khi-khach-hang-che-dat_2024-04-10-095742_100424-095742.png","CreateDate":"2024-04-10T09:15:00","LastModifyDate":"2024-04-10T09:15:48","Keyword":"","Channels":"11281","View":0,"Status":"0,1","Order":0,"TitleSEO":"","DescSEO":"","KeySEO":"","LinkSEO":"","FriendStr":"chot-sale-khi-khach-hang-che-dat","IsPublic":1,"Rel":"","Price":10000}}