﻿{"Cates":[{"ParentID":2,"Order":1,"Subs":[{"ParentID":11260,"Order":6,"Subs":[],"ID":11265,"Title":"Chương trình khuyến mại","Desc":"","CreateDate":null},{"ParentID":11260,"Order":7,"Subs":[],"ID":11266,"Title":"Voucher - Coupon","Desc":"","CreateDate":null},{"ParentID":11260,"Order":8,"Subs":[],"ID":11267,"Title":"Hiệu quả trước sau","Desc":"","CreateDate":null},{"ParentID":11260,"Order":9,"Subs":[],"ID":11268,"Title":"Feedback khách hàng","Desc":"","CreateDate":null},{"ParentID":11260,"Order":10,"Subs":[],"ID":11269,"Title":"Giới thiệu dịch vụ","Desc":"","CreateDate":null},{"ParentID":11260,"Order":11,"Subs":[],"ID":11270,"Title":"Giới thiệu sản phẩm","Desc":"","CreateDate":null},{"ParentID":11260,"Order":12,"Subs":[],"ID":11271,"Title":"Sự kiện","Desc":"","CreateDate":null},{"ParentID":11260,"Order":13,"Subs":[],"ID":11272,"Title":"Tips làm đẹp","Desc":"","CreateDate":null}],"ID":11260,"Title":"Thiết kế banner","Desc":"","CreateDate":null},{"ParentID":11260,"Order":6,"Subs":[],"ID":11265,"Title":"Chương trình khuyến mại","Desc":"","CreateDate":null},{"ParentID":11260,"Order":7,"Subs":[],"ID":11266,"Title":"Voucher - Coupon","Desc":"","CreateDate":null},{"ParentID":11260,"Order":8,"Subs":[],"ID":11267,"Title":"Hiệu quả trước sau","Desc":"","CreateDate":null},{"ParentID":11260,"Order":9,"Subs":[],"ID":11268,"Title":"Feedback khách hàng","Desc":"","CreateDate":null},{"ParentID":11260,"Order":10,"Subs":[],"ID":11269,"Title":"Giới thiệu dịch vụ","Desc":"","CreateDate":null},{"ParentID":11260,"Order":11,"Subs":[],"ID":11270,"Title":"Giới thiệu sản phẩm","Desc":"","CreateDate":null},{"ParentID":11260,"Order":12,"Subs":[],"ID":11271,"Title":"Sự kiện","Desc":"","CreateDate":null},{"ParentID":11260,"Order":13,"Subs":[],"ID":11272,"Title":"Tips làm đẹp","Desc":"","CreateDate":null}],"Articles":[{"Paths":[{"ID":11260,"Title":"Thiết kế banner"},{"ID":11265,"Title":"Chương trình khuyến mại"}],"Price":0,"PhotoList":["2024/04/27/1_2024-04-27-090621_270424-090621.png"],"ID":1525,"Title":"1","Desc":"<p>1 - Tin nhắn khuyến mại</p>\r\n","CreateDate":"2024-04-27T08:58:00"},{"Paths":[{"ID":11260,"Title":"Thiết kế banner"},{"ID":11265,"Title":"Chương trình khuyến mại"}],"Price":0,"PhotoList":["2024/04/27/2_2024-04-27-090727_270424-090727.png"],"ID":1526,"Title":"2","Desc":"<p>2 - Tin nhắn khuyến mại</p>\r\n","CreateDate":"2024-04-27T09:06:00"},{"Paths":[{"ID":11260,"Title":"Thiết kế banner"},{"ID":11265,"Title":"Chương trình khuyến mại"}],"Price":0,"PhotoList":["2024/04/27/3-tin-nhan-khuyen-mai_2024-04-27-090819_270424-090819.png"],"ID":1527,"Title":"3","Desc":"<p>3 - Tin nh&aacute;n khuyến mại</p>\r\n","CreateDate":"2024-04-27T09:08:00"},{"Paths":[{"ID":11260,"Title":"Thiết kế banner"},{"ID":11265,"Title":"Chương trình khuyến mại"}],"Price":0,"PhotoList":["2024/04/27/4_2024-04-27-090939_270424-090939.png"],"ID":1528,"Title":"4","Desc":"<p>4 - Tin nhắn khuyến mại</p>\r\n","CreateDate":"2024-04-27T09:09:00"},{"Paths":[{"ID":11260,"Title":"Thiết kế banner"},{"ID":11265,"Title":"Chương trình khuyến mại"}],"Price":0,"PhotoList":["2024/04/27/5-tin-nhan-khuyen-mai_2024-04-27-091027_270424-091027.png"],"ID":1529,"Title":"5","Desc":"<p>5 - Tin nhắn khuyến mại</p>\r\n","CreateDate":"2024-04-27T09:10:00"},{"Paths":[{"ID":11260,"Title":"Thiết kế banner"},{"ID":11265,"Title":"Chương trình khuyến mại"}],"Price":0,"PhotoList":["2024/04/27/7-tin-nhan-khuyen-mai_2024-04-27-091619_270424-091619.png"],"ID":1530,"Title":"7","Desc":"<p>7 - Tin nhắn khuyến mại</p>\r\n","CreateDate":"2024-04-27T09:11:00"},{"Paths":[{"ID":11260,"Title":"Thiết kế banner"},{"ID":11266,"Title":"Voucher - Coupon"}],"Price":0,"PhotoList":["2024/04/27/1-voucher_2024-04-27-091654_270424-091654.png"],"ID":1531,"Title":"1","Desc":"<p>1 - Voucher</p>\r\n","CreateDate":"2024-04-27T09:16:00"},{"Paths":[{"ID":11260,"Title":"Thiết kế banner"},{"ID":11266,"Title":"Voucher - Coupon"}],"Price":0,"PhotoList":["2024/04/27/2-voucher_2024-04-27-091738_270424-091738.png"],"ID":1532,"Title":"2","Desc":"<p>2 - Voucher</p>\r\n","CreateDate":"2024-04-27T09:17:00"},{"Paths":[{"ID":11260,"Title":"Thiết kế banner"},{"ID":11266,"Title":"Voucher - Coupon"}],"Price":0,"PhotoList":["2024/04/27/3-voucher_2024-04-27-091818_270424-091818.png"],"ID":1533,"Title":"3","Desc":"<p>3 - Voucher</p>\r\n","CreateDate":"2024-04-27T09:18:00"},{"Paths":[{"ID":11260,"Title":"Thiết kế banner"},{"ID":11267,"Title":"Hiệu quả trước sau"}],"Price":0,"PhotoList":["2024/04/27/22_2024-04-27-091926_270424-091926.png"],"ID":1534,"Title":"1","Desc":"<p>1 - Trước sau</p>\r\n","CreateDate":"2024-04-27T09:19:00"},{"Paths":[{"ID":11260,"Title":"Thiết kế banner"},{"ID":11267,"Title":"Hiệu quả trước sau"}],"Price":0,"PhotoList":["2024/04/27/2-truoc-sau_2024-04-27-092009_270424-092009.png"],"ID":1535,"Title":"2","Desc":"<p>2 - Trước sau</p>\r\n","CreateDate":"2024-04-27T09:19:00"},{"Paths":[{"ID":11260,"Title":"Thiết kế banner"},{"ID":11267,"Title":"Hiệu quả trước sau"}],"Price":0,"PhotoList":["2024/04/27/3-truoc-sau_2024-04-27-092052_270424-092052.png"],"ID":1536,"Title":"3","Desc":"<p>3 - Trước sau</p>\r\n","CreateDate":"2024-04-27T09:20:00"},{"Paths":[{"ID":11260,"Title":"Thiết kế banner"},{"ID":11267,"Title":"Hiệu quả trước sau"}],"Price":0,"PhotoList":["2024/04/27/4-truoc-sau_2024-04-27-092133_270424-092133.png"],"ID":1537,"Title":"4","Desc":"<p>4 - Trước sau<br />\r\n&nbsp;</p>\r\n","CreateDate":"2024-04-27T09:21:00"},{"Paths":[{"ID":11260,"Title":"Thiết kế banner"},{"ID":11267,"Title":"Hiệu quả trước sau"}],"Price":0,"PhotoList":["2024/04/27/5-truoc-sau_2024-04-27-092212_270424-092212.png"],"ID":1538,"Title":"5","Desc":"<p>5 - Trước sau</p>\r\n","CreateDate":"2024-04-27T09:22:00"},{"Paths":[{"ID":11260,"Title":"Thiết kế banner"},{"ID":11267,"Title":"Hiệu quả trước sau"}],"Price":0,"PhotoList":["2024/04/27/6-truoc-sau_2024-04-27-092258_270424-092258.png"],"ID":1539,"Title":"6","Desc":"<p>6 - Trước sau</p>\r\n","CreateDate":"2024-04-27T09:22:00"},{"Paths":[{"ID":11260,"Title":"Thiết kế banner"},{"ID":11269,"Title":"Giới thiệu dịch vụ"}],"Price":0,"PhotoList":["2024/04/27/13_2024-04-27-092453_270424-092453.png"],"ID":1540,"Title":"1","Desc":"<p>1 - Dịch vụ</p>\r\n","CreateDate":"2024-04-27T09:23:00"},{"Paths":[{"ID":11260,"Title":"Thiết kế banner"},{"ID":11269,"Title":"Giới thiệu dịch vụ"}],"Price":0,"PhotoList":["2024/04/27/2-dich-vu_2024-04-27-092525_270424-092525.png"],"ID":1541,"Title":"2","Desc":"<p>2 - Dịch vụ&nbsp;</p>\r\n","CreateDate":"2024-04-27T09:25:00"},{"Paths":[{"ID":11260,"Title":"Thiết kế banner"},{"ID":11269,"Title":"Giới thiệu dịch vụ"}],"Price":0,"PhotoList":["2024/04/27/3-dich-vu_2024-04-27-092556_270424-092556.png"],"ID":1542,"Title":"3","Desc":"<p>3 - Dịch vụ</p>\r\n","CreateDate":"2024-04-27T09:25:00"},{"Paths":[{"ID":11260,"Title":"Thiết kế banner"},{"ID":11270,"Title":"Giới thiệu sản phẩm"}],"Price":0,"PhotoList":["2024/04/27/2-san-pham_2024-04-27-092812_270424-092812.png"],"ID":1544,"Title":"2","Desc":"<p>2 - Sản phẩm&nbsp;</p>\r\n","CreateDate":"2024-04-27T09:27:00"},{"Paths":[{"ID":11260,"Title":"Thiết kế banner"},{"ID":11270,"Title":"Giới thiệu sản phẩm"}],"Price":0,"PhotoList":["2024/04/27/3-san-pham_2024-04-27-092903_270424-092903.png"],"ID":1545,"Title":"3","Desc":"<p>3 - Sản phẩm</p>\r\n","CreateDate":"2024-04-27T09:28:00"},{"Paths":[{"ID":11260,"Title":"Thiết kế banner"},{"ID":11271,"Title":"Sự kiện"}],"Price":0,"PhotoList":["2024/04/27/28_2024-04-27-093458_270424-093458.png"],"ID":1546,"Title":"1","Desc":"<p>1 -Sự kiện</p>\r\n","CreateDate":"2024-04-27T09:34:00"},{"Paths":[{"ID":11260,"Title":"Thiết kế banner"},{"ID":11271,"Title":"Sự kiện"}],"Price":0,"PhotoList":["2024/04/27/2-su-kien_2024-04-27-093543_270424-093543.png"],"ID":1547,"Title":"2","Desc":"<p>2 - Sự kiện</p>\r\n","CreateDate":"2024-04-27T09:35:00"},{"Paths":[{"ID":11260,"Title":"Thiết kế banner"},{"ID":11271,"Title":"Sự kiện"}],"Price":0,"PhotoList":["2024/04/27/3-su-kien_2024-04-27-093620_270424-093620.png"],"ID":1548,"Title":"3","Desc":"<p>3 - Sự kiện&nbsp;</p>\r\n","CreateDate":"2024-04-27T09:35:00"}]}