﻿{"article":{"PhotoList":["2024/04/10/setup-cac-chuong-trinh-khuyen-mai_2024-04-10-151904_100424-031904.png"],"PhotoEx":[],"onImg":true,"CateList":null,"CateTitle":"Tips Marketing ","CateTitle2":"Tips Marketing ","CateLink":"","CateID":"11282","CateID2":11282,"Thumbnail_web":"/Upload/image/2024/04/10/setup-cac-chuong-trinh-khuyen-mai_2024-04-10-151904_100424-031904.png","Date_web":"(10/04/2024)","LinktoMe":"/tips-marketing/setup-cac-chuong-trinh-khuyen-mai-1518.aspx","ToMe":"/setup-cac-chuong-trinh-khuyen-mai-1518.aspx","ToMeOnly":"/setup-cac-chuong-trinh-khuyen-mai.aspx","ID":1518,"Title":"Setup các chương trình khuyến mại ","Desc":"<p>Chia sẻ kinh nghiệm về việc tổ chức c&aacute;c mẫu chương tr&igrave;nh khuyến mại hiệu quả d&agrave;nh cho spa, thẩm mỹ viện nhằm tăng doanh thu v&agrave; kh&ocirc;ng bị giảm gi&aacute; trị thương hiệu SPA</p>\r\n","Content":"","Author":"","Source":"","Thumbnail":"2024/04/10/setup-cac-chuong-trinh-khuyen-mai_2024-04-10-151904_100424-031904.png","CreateDate":"2024-04-10T03:18:00","LastModifyDate":"2024-04-10T15:18:24","Keyword":"","Channels":"11282","View":0,"Status":"0,1","Order":0,"TitleSEO":"","DescSEO":"","KeySEO":"","LinkSEO":"","FriendStr":"setup-cac-chuong-trinh-khuyen-mai","IsPublic":1,"Rel":"","Price":0}}