﻿{"article":{"PhotoList":["2024/04/27/22_2024-04-27-091926_270424-091926.png"],"PhotoEx":[],"onImg":true,"CateList":null,"CateTitle":"Hiệu quả trước sau","CateTitle2":"Hiệu quả trước sau","CateLink":"","CateID":"11267","CateID2":11267,"Thumbnail_web":"/Upload/image/2024/04/27/22_2024-04-27-091926_270424-091926.png","Date_web":"(27/04/2024)","LinktoMe":"/hieu-qua-truoc-sau/1-1534.aspx","ToMe":"/1-1534.aspx","ToMeOnly":"/1.aspx","ID":1534,"Title":"1","Desc":"<p>1 - Trước sau</p>\r\n","Content":"","Author":"","Source":"","Thumbnail":"2024/04/27/22_2024-04-27-091926_270424-091926.png","CreateDate":"2024-04-27T09:19:00","LastModifyDate":"2024-04-27T09:19:06","Keyword":"","Channels":"11267","View":0,"Status":"0,1","Order":0,"TitleSEO":"","DescSEO":"","KeySEO":"","LinkSEO":"","FriendStr":"1","IsPublic":1,"Rel":"","Price":0}}