﻿{"article":{"PhotoList":["2024/04/27/1-voucher_2024-04-27-091654_270424-091654.png"],"PhotoEx":[],"onImg":true,"CateList":null,"CateTitle":"Voucher - Coupon","CateTitle2":"Voucher - Coupon","CateLink":"","CateID":"11266","CateID2":11266,"Thumbnail_web":"/Upload/image/2024/04/27/1-voucher_2024-04-27-091654_270424-091654.png","Date_web":"(27/04/2024)","LinktoMe":"/voucher-coupon/1-1531.aspx","ToMe":"/1-1531.aspx","ToMeOnly":"/1.aspx","ID":1531,"Title":"1","Desc":"<p>1 - Voucher</p>\r\n","Content":"","Author":"","Source":"","Thumbnail":"2024/04/27/1-voucher_2024-04-27-091654_270424-091654.png","CreateDate":"2024-04-27T09:16:00","LastModifyDate":"2024-04-27T09:16:37","Keyword":"","Channels":"11266","View":0,"Status":"0,1","Order":0,"TitleSEO":"","DescSEO":"","KeySEO":"","LinkSEO":"","FriendStr":"1","IsPublic":1,"Rel":"","Price":0}}