﻿{
  "TemplatesNoti": [
    {
      "Title": "Tin nhắn khuyến mại",
      "Children": [
        {
           "Title": "Làm mới làn da của bạn với ưu đãi giảm giá cực HOT từ chúng tôi !",
          "Desc": "Chương trình khuyến mãi Làm mới làn da của bạn với ưu đãi giảm giá cực HOT từ chúng tôi! là một cơ hội tuyệt vời để khách hàng chăm sóc làn da của mình.",
          "Html": "Với mức giảm giá hấp dẫn, khách hàng có thể tiếp cận với các sản phẩm và dịch vụ chăm sóc da chất lượng cao mà không cần lo lắng về giá cả. Đây là cơ hội để làn da của bạn được phục hồi và trở nên tươi mới hơn bao giờ hết. Hãy nhanh tay để không bỏ lỡ cơ hội này !",
          "PathFrame": "/Thietke/source/index.html/1",
          "Thumbnail": "/Thietke/myimage/1.png"
        },
        {
          "Title": "Must Have! Tăng tỉ lệ cho ánh nhìn cuốn hút !",
          "Desc": "Đó chính là lời mô tả hoàn hảo cho chương trình khuyến mãi mới nhất của chúng tôi tại Spa.",
          "Html": "Chúng tôi tự hào giới thiệu dịch vụ [Tên DV], mang đến cho bạn ánh nhìn cuốn hút và quyến rũ. Hãy đến với Spa của chúng tôi để trải nghiệm sự thay đổi tuyệt vời này. Đặc biệt, chúng tôi đang có chương trình giảm giá hời cho khách hàng đặt lịch trong tuần này. Hãy nhanh tay để không bỏ lỡ cơ hội tuyệt vời này ! ",
          "PathFrame": "/Thietke/source/index.html/2",
          "Thumbnail": "/Thietke/myimage/2.png"
        },
        {
         "Title": "Bí Mật Của Làn Da Tươi Trẻ - Khám Phá Ngay Hôm Nay !",
          "Desc": "Bạn đã bao giờ tự hỏi, làn da tươi trẻ và rạng rỡ bí mật nằm ở đâu? Chúng tôi có câu trả lời cho bạn !",
          "Html": "Chúng tôi tự hào giới thiệu dịch vụ [Tên DV]  mới nhất của chúng tôi, được thiết kế để mang lại cho bạn làn da tươi trẻ mà bạn luôn mơ ước. Với giá chỉ từ [Giá trị giảm giá], bạn có thể trải nghiệm sự thay đổi rõ rệt trên làn da của mình. Hãy đến với chúng tôi và khám phá Bí mật của làn da tươi trẻ. Đừng bỏ lỡ cơ hội tuyệt vời này để chăm sóc làn da của bạn. Nhấp vào nút [Đặt lịch]  để đặt lịch hẹn ngay hôm nay !",
          "PathFrame": "/Thietke/source/index.html/3",
          "Thumbnail": "/Thietke/myimage/3.png"
        },
        {
           "Title": "Trải nghiệm làn da mềm mịn với ưu đãi đặc biệt",
          "Desc": "Spa của chúng tôi đang có chương trình giảm giá [giá trị giảm giá]  cho tất cả các dịch vụ từ ngày [ngày - tháng]",
          "Html": "Đây là cơ hội tuyệt vời để bạn trải nghiệm các liệu pháp chăm sóc da chất lượng cao của chúng tôi. Hãy đến với chúng tôi và để làn da của bạn được chăm sóc một cách tốt nhất. Chúng tôi rất mong được phục vụ bạn! Hãy nhanh tay đặt lịch hẹn với chúng tôi để không bỏ lỡ ưu đãi hấp dẫn này! Chúng tôi rất mong được đón tiếp bạn tại spa của chúng tôi.",
          "PathFrame": "/Thietke/source/index.html/4",
          "Thumbnail": "/Thietke/myimage/4.png"
        },
        {
          "Title": "Chăm Sóc Bản Thân Không Bao Giờ Là Quá Đắt - Giảm Giá [giá trị giảm giá] Tất Cả Dịch Vụ Spa!",
          "Desc": "Bạn đã từng nghĩ rằng việc chăm sóc bản thân là một việc xa xỉ?",
          "Html": "Hãy nghĩ lại! Với chương trình khuyến mãi đặc biệt của chúng tôi, bạn có thể tiết kiệm đến [giá trị giảm giá] cho tất cả dịch vụ spa. Đây là cơ hội tuyệt vời để bạn thư giãn và làm mới bản thân mình mà không cần lo lắng về chi phí. Hãy tận hưởng những liệu pháp mát-xa thư giãn, liệu pháp mặt nạ dưỡng da, và nhiều dịch vụ khác với mức giá ưu đãi. Đừng bỏ lỡ cơ hội này, hãy chăm sóc bản thân bạn ngay hôm nay!",
          "PathFrame": "/Thietke/source/index.html/5",
          "Thumbnail": "/Thietke/myimage/5.png"
        },
        {
            "Title": "Thư giãn ngay, nhận quà ngay !",
          "Desc": "Bạn đang cảm thấy mệt mỏi sau một ngày làm việc căng thẳng?",
          "Html": "Hãy thử dịch vụ [Tên DV] của chúng tôi. Với giá chỉ từ [Giá trị giảm giá], bạn sẽ được trải nghiệm sự thư giãn tuyệt đối, giúp tái tạo năng lượng cho cơ thể. Đặc biệt, khi đặt dịch vụ ngay hôm nay, bạn sẽ nhận được một phiếu quà tặng miễn phí cho lần [Tên DV] tiếp theo. Hãy thư giãn ngay và nhận quà ngay! Chúng tôi rất mong được phục vụ bạn.",
          "PathFrame": "/Thietke/source/index.html/6",
          "Thumbnail": "/Thietke/myimage/7.png"
        } 
      ]
    },
    {
      "Title": "Voucher",
      "Children": [
        {
           "Title": "Quà tặng sức khỏe: Voucher dịch vụ [ Tên DV ]",
          "Desc": "Bạn đang tìm kiếm một món quà ý nghĩa cho người thân yêu?",
          "Html": "Hãy tặng họ voucher [Tên voucher] của chúng tôi. Đây không chỉ là một món quà, mà còn là một lời chúc sức khỏe, hạnh phúc và thư giãn. Với voucher này, người nhận sẽ được trải nghiệm các dịch vụ spa chất lượng cao, từ liệu pháp [Tên DV liên quan] đến liệu pháp thư giãn khác. Hãy sử dụng mã [Mã voucher]  và tặng người thân yêu của bạn một ngày thư giãn tuyệt vời!",
          "PathFrame": "/Thietke/source/index.html/7",
          "Thumbnail": "/Thietke/myimage/10.png"
        },
        {
             "Title": "Thưởng thức phút giây thư giãn: Voucher Spa độc quyền",
          "Desc": "Hãy tưởng tượng một ngày dài căng thẳng, bạn bước vào không gian yên tĩnh của spa, hương thơm từ tinh dầu lan tỏa, âm nhạc nhẹ nhàng vang lên.",
          "Html": "Bạn nằm xuống, cảm nhận sự mềm mại của khăn trải giường, và chuẩn bị cho một trải nghiệm thư giãn tuyệt vời. Với voucher spa độc quyền, bạn sẽ được tận hưởng những dịch vụ chăm sóc sức khỏe và sắc đẹp hàng đầu, từ liệu pháp mát-xa, chăm sóc da, đến liệu pháp thư giãn toàn thân. Hãy thưởng thức từng phút giây thư giãn tại spa, để nạp lại năng lượng và tìm lại sự cân bằng cho cuộc sống. Voucher spa độc quyền - món quà tuyệt vời dành cho bản thân và người thân yêu.",
          "PathFrame": "/Thietke/source/index.html/8",
          "Thumbnail": "/Thietke/myimage/11.png"
        },
        {
          "Title": "Quà tặng sức khỏe: Voucher dịch vụ Spa [Giá trị giảm giá]",
          "Desc": "Quà tặng sức khỏe: Voucher dịch vụ Spa [Giá trị giảm giá] là một lựa chọn tuyệt vời cho những ai muốn chăm sóc bản thân.",
          "Html": "Với voucher này, bạn có thể trải nghiệm các dịch vụ spa chất lượng cao, từ liệu pháp mát-xa đến các liệu pháp làm đẹp da. Đây không chỉ là một cách tuyệt vời để thư giãn và tái tạo năng lượng, mà còn là một cơ hội để chăm sóc sức khỏe và làn da của bạn. Hãy tặng mình hoặc người thân yêu một voucher spa và tận hưởng những lợi ích tuyệt vời mà nó mang lại.",
          "PathFrame": "/Thietke/source/index.html/9",
          "Thumbnail": "/Thietke/myimage/12.png"
        }
      ]
    },



    {
      "Title": "Trước Sau - feedback",
      "Children": [
        {
          "Title": "Vẫn là cô ấy, nhưng đẹp hơn !",
          "Desc": "Chỉ dành ra chút thời gian thôi mà nhìn thần thái gương mặt khác hẳn. \"Tên Dịch vụ\" ngày càng chiếm trọn trái tim của chị em yêu cái đẹp mất rồi.",
          "Html": "",
          "PathFrame": "/Thietke/source/index.html/10",
          "Thumbnail": "/Thietke/myimage/22.png"
        },
        {
          "Title": "Chị đẹp U40 hóa Hotgirl !",
          "Desc": "Rất nhiều khách hàng có thắc mắc về những dịch vụ mà các Chị Đẹp đã trải nghiệm.",
          "Html": "",
          "PathFrame": "/Thietke/source/index.html/11",
          "Thumbnail": "/Thietke/myimage/23.png"
        },
        {
          "Title": "Bí quyết trẻ hóa - ăn gian tuổi, đẩy lùi lão hoá",
          "Desc": "Các “phù thuỷ” trẻ hoá đã giúp khách hàng “sống đúng tuổi thật”, tìm lại nhan sắc vốn có của mình",
          "Html": "",
          "PathFrame": "/Thietke/source/index.html/12",
          "Thumbnail": "/Thietke/myimage/24.png"
        },
        {
          "Title": "Feedback đẹp chạm đỉnh từ khách hàng",
          "Desc": "Thay đổi toàn diện về gương mặt cũng như tinh thần vui tươi, tích cực hơn rất nhiều",
          "Html": "",
          "PathFrame": "/Thietke/source/index.html/13",
          "Thumbnail": "/Thietke/myimage/25.png"
        },
        {
          "Title": "Lý do gì khiến bạn vẫn chần chừ làm đẹp ?",
          "Desc": "Chắc chắn rằng khi bạn đẹp bạn sẽ luôn tươi cười, tự tin diện bộ trang phục bắt mắt khiến ai nấy đều mê mẩn, xuýt xoa trước vẻ đẹp của bạn",
          "Html": "",
          "PathFrame": "/Thietke/source/index.html/14",
          "Thumbnail": "/Thietke/myimage/126.png"
        },
        {
          "Title": "Spa của chúng tôi qua lời kể của khách hàng: Phản hồi từ cộng đồng",
          "Desc": "Chúng tôi tự hào khi nhận được nhiều phản hồi tích cực từ khách hàng về dịch vụ spa.",
          "Html": "Khách hàng của chúng tôi thường xuyên chia sẻ những trải nghiệm tuyệt vời, từ sự thoải mái của không gian spa đến sự chuyên nghiệp của đội ngũ nhân viên. Những lời khen ngợi này không chỉ giúp chúng tôi cải thiện dịch vụ mà còn tạo động lực để chúng tôi không ngừng nỗ lực. Chúng tôi luôn lắng nghe và trân trọng mọi ý kiến đóng góp từ khách hàng.",
          "PathFrame": "/Thietke/source/index.html/15",
          "Thumbnail": "/Thietke/myimage/127.png"
        }
      ]
    },

    {
      "Title": "Dịch vụ - sản phẩm",
      "Children": [
        {
          "Title": "Mô hình spa chăm sóc sắc đẹp chuẩn nhất hiện nay",
          "Desc": "Trong cuộc sống hối hả, việc chăm sóc bản thân trở nên quan trọng",
          "Html": "Gói dịch vụ Spa & Làm đẹp của chúng tôi bao gồm năm loại điều trị, giúp bạn thư giãn và làm mới toàn bộ cơ thể. Với ưu đãi giảm giá  [50%], đây là cơ hội tuyệt vời để nâng niu bản thân mình. Hãy liên hệ với chúng tôi để biết thêm chi tiết.",
          "PathFrame": "/Thietke/source/index.html/16",
          "Thumbnail": "/Thietke/myimage/13.png"
        },
        {
          "Title": "Thay đổi giao diện - Nâng tầm nhan sắc",
          "Desc": "Gói dịch vụ Spa & Làm đẹp của chúng tôi mang đến cho bạn trải nghiệm chăm sóc toàn diện",
          "Html": " Hãy tận hưởng cảm giác thư giãn và làm mới cơ thể với ưu đãi giảm giá [50%]. Liên hệ với chúng tôi để biết thêm chi tiết và đặt lịch hẹn.",
          "PathFrame": "/Thietke/source/index.html/17",
          "Thumbnail": "/Thietke/myimage/14.png"
        },
        {
          "Title": "Chăm Sóc Sắc Đẹp - Sự Kết Hợp Hoàn Hảo Giữa Kỹ Thuật và Chuyên Môn",
          "Desc": "[Chăm Sóc Sắc Đẹp - Sự Kết Hợp Hoàn Hảo Giữa Kỹ Thuật và Chuyên Môn] là việc áp dụng công nghệ và kiến thức chuyên môn để cung cấp các dịch vụ làm đẹp an toàn, hiệu quả và khoa học.",
          "Html": "Để có làn da rạng ngời, việc áp dụng kỹ thuật chăm sóc đúng là quan trọng. Sự hiểu biết về loại da và vấn đề cụ thể giúp lựa chọn sản phẩm và phương pháp chăm sóc phù hợp. Sự kết hợp hoàn hảo giữa kỹ thuật và chuyên môn không chỉ giúp cải thiện vẻ ngoại hình mà còn tạo ra một trạng thái tinh thần tích cực. Việc tận hưởng quá trình chăm sóc không chỉ là cách nuôi dưỡng làn da, mà còn là trải nghiệm thư giãn và tái tạo năng lượng tích cực. Chăm sóc sắc đẹp hiện đại không chỉ đánh bại thời gian mà còn tạo nên sự tự tin và tinh thần khỏe mạnh từ bên trong.",
          "PathFrame": "/Thietke/source/index.html/18",
          "Thumbnail": "/Thietke/myimage/155.png"
        },
        {
          "Title": "KHÁM PHÁ NGAY - SẢN PHẨM HAY",
          "Desc": "Bạn đang tìm kiếm một giải pháp hiệu quả để  yêu thương chính bản thân mình?",
          "Html": "Hãy khám phá ngay [tên SP] - sản phẩm mới trên thị trường. Với công thức độc đáo, sản phẩm này hứa hẹn mang lại trải nghiệm hoàn hảo. Sản phẩm có thể mua được tại cửa hàng trực tuyến và ngoại tuyến. Đừng chần chừ, hãy MUA NGAY và trải nghiệm sự khác biệt mà sản phẩm mang lại. Hãy khám phá ngay sản phẩm hay này!",
          "PathFrame": "/Thietke/source/index.html/19",
          "Thumbnail": "/Thietke/myimage/19.png"
        },
        {
          "Title": "SỨC MẠNH CỦA SẢN PHẨM CHĂM SÓC TỰ NHIÊN",
          "Desc": "Khám phá sức mạnh của thiên nhiên qua các sản phẩm chăm sóc da tự nhiên của chúng tôi. Việc sử dụng sản phẩm tự nhiên không chỉ giúp tăng cường hiệu quả  mà còn mang đến mùi hương dễ chịu, giúp bạn thư giãn. Hãy cùng chúng tôi khám phá sức mạnh của sản phẩm chăm sóc da tự nhiên và tận hưởng làn da mềm mịn, tươi trẻ mà bạn mong muốn",
          "Html": "Sức Mạnh Của Sản Phẩm Chăm Sóc Tự Nhiên.Trong thế giới ngày càng phức tạp của chúng ta, việc quay trở lại với thiên nhiên để chăm sóc làn da của mình đã trở thành một xu hướng không thể phủ nhận. Sản phẩm chăm sóc da tự nhiên của chúng tôi mang lại cho bạn sức mạnh của thiên nhiên ngay tại ngôi nhà của bạn.\nSản phẩm của chúng tôi có chứa các loại dầu thiên nhiên giàu dưỡng chất, giúp cung cấp độ ẩm cho da và cải thiện độ đàn hồi. Kem dưỡng ẩm của chúng tôi giúp bảo vệ da khỏi tác động của môi trường, trong khi xà phòng trắng giúp làm sạch da mà không làm khô da.\nHãy cùng chúng tôi khám phá sức mạnh của sản phẩm chăm sóc da tự nhiên và tận hưởng làn da mềm mịn, tươi trẻ mà bạn mong muốn. Đến với cửa hàng của chúng tôi ngay hôm nay để trải nghiệm sự khác biệt!",
          "PathFrame": "/Thietke/source/index.html/20",
          "Thumbnail": "/Thietke/myimage/20.png"
        },
        {
          "Title": "SIÊU PHẨM MỚI - BÍ MẬT CỦA PHÁI ĐẸP",
          "Desc": "[Tên SP] là sản phẩm mới, sử dụng thành phần tự nhiên đem lại hiệu quả cao và hoàn toàn lành tính. Sản phẩm phù hợp với mọi khách hàng, đáp ứng đầy đủ các nhu cầu cần thiết trong quá trình làm đẹp. ",
          "Html": " [Tên Sp] là một sản phẩm mới đến từ chúng tôi, được tạo ra với mục đích cung cấp một giải pháp hoàn hảo cho bạn. Sản phẩm này được chế tạo từ các thành phần tự nhiên, không chứa hóa chất độc hại, giúp bảo vệ bạn khỏi các tác động xấu từ môi trường. Nó cung cấp hợp chất cần thiết, giúp bạn luôn có được vẻ đẹp tỏa sáng và tươi mới.\nNgoài ra, [Tên SP] phù hợp với mọi loại da, kể cả da nhạy cảm nhất, không gây kích ứng hay đỏ rát. Đây chính là sự lựa chọn hoàn hảo cho làn da của bạn, giúp bạn tự tin hơn với vẻ ngoài của mình.\nHãy lựa chọn [Tên Sp] để trải nghiệm sự thay đổi tuyệt vời mà sản phẩm mang lại cho bạn!",
          "PathFrame": "/Thietke/source/index.html/21",
          "Thumbnail": "/Thietke/myimage/21.png"
        }
      ]
    },
    {
      "Title": "Event - Tips",
      "Children": [
        {
          "Title": "SINH NHẬT VÀNG – NGÀN ƯU ĐÃI",
          "Desc": "Đây là cơ hội tuyệt vời để bạn trải nghiệm các liệu pháp thư giãn và làm đẹp tại spa của chúng tôi. Hãy đến với chúng tôi và tận hưởng những giây phút thư giãn tuyệt vời nhất. ",
          "Html": "Để trân trọng tình cảm ấy và tỏ lòng tri ân đến hàng chục nghìn lượt khách hàng, toàn bộ hệ thống dành tặng ưu đãi GIẢM 30% tất cả các chi phí làm đẹp cùng nhiều phần quà hấp dẫn ",
          "PathFrame": "/Thietke/source/index.html/22",
          "Thumbnail": "/Thietke/myimage/28.png"
        },
        {
          "Title": "TƯNG BỪNG KHAI TRƯƠNG - NGẬP TRÀN ƯU ĐÃI",
          "Desc": "Chương trình ưu đãi chưa từng có. Giảm giá hàng loạt các sản phẩm dịch vụ trong sự kiện khai trương của chúng tôi.\nNhanh chóng đến với chúng tôi để trở thành chủ nhân của các sản phẩm với mức giá siêu hời.",
          "Html": "Chương trình ưu đãi chưa từng có. Giảm giá hàng loạt các sản phẩm dịch vụ trong sự kiện khai trương của chúng tôi.\nNhanh chóng đến với chúng tôi để trở thành chủ nhân của các sản phẩm với mức giá siêu hời.Chương trình ưu đãi chưa từng có. Giảm giá hàng loạt các sản phẩm dịch vụ trong sự kiện khai trương của chúng tôi.\nNhanh chóng đến với chúng tôi để trở thành chủ nhân của các sản phẩm với mức giá siêu hời.",
          "PathFrame": "/Thietke/source/index.html/23",
          "Thumbnail": "/Thietke/myimage/29.png"
        },
        {
          "Title": "Chăm Sóc Da Hiệu Quả với các Bước Đơn Giản",
          "Desc": "Chăm sóc da không chỉ đơn thuần là việc sử dụng các sản phẩm đắt tiền.",
          "Html": "Chúng tôi rất vui mừng thông báo về sự kiện khai trương cửa hàng mới của chúng tôi. Đây là cơ hội tuyệt vời để khám phá các sản phẩm mới nhất từ chúng tôi. Đặc biệt hơn, chúng tôi mang đến cho bạn một ưu đãi đặc biệt - giảm giá lên đến 20% cho tất cả các mặt hàng trong ngày khai trương. Đừng bỏ lỡ cơ hội tuyệt vời này để sở hữu thêm những sản phẩm yêu thích . Hãy đến và khám phá cửa hàng mới của chúng tôi ngay hôm nay!",
          "PathFrame": "/Thietke/source/index.html/24",
          "Thumbnail": "/Thietke/myimage/15.png"
        }
      ]
    }
  ]
}